key,n,m,objective,method,obj,lb,gap,opt,time
CL01_020_01_m2_total_cost,20,2,total_cost,bigm,657.9999984842839,358.0,45.59270504184496,False,1202.5573477745056
CL01_020_01_m2_total_cost,20,2,total_cost,bigmle,669.9990000017541,648.0000000000001,3.2834377367274263,False,1200.3489437103271
CL01_020_01_m2_total_cost,20,2,total_cost,bendm,655.9999911111097,655.9999911111097,0.0,True,3.8684115409851074
CL01_020_01_m2_total_cost,20,2,total_cost,package,656.0,648.0,1.2195121951219512,False,1102.252004623413
CL01_020_01_m2_makespan,20,2,makespan,bigm,30.9999999968,22.0,29.03225805719042,False,1200.9483799934387
CL01_020_01_m2_makespan,20,2,makespan,bigmle,30.999999032257826,29.454545454545453,4.985334277282424,False,1200.9424192905426
CL01_020_01_m2_makespan,20,2,makespan,bendm,30.999999111111062,30.999999111111062,0.0,True,3.9477500915527344
CL01_020_01_m2_makespan,20,2,makespan,package,31.0,29.466666666666665,4.94623655913979,False,1100.7614023685455
CL01_020_01_m3_total_cost,20,3,total_cost,bigm,663.9999786884174,289.99999999999994,56.325299803046725,False,1204.8923494815826
CL01_020_01_m3_total_cost,20,3,total_cost,bigmle,665.9999929049459,648.0000000000001,2.70270166617176,False,1200.426302433014
CL01_020_01_m3_total_cost,20,3,total_cost,bendm,651.9999962597403,651.9999962597403,0.0,True,10.729126930236816
CL01_020_01_m3_total_cost,20,3,total_cost,package,656.0,648.0,1.2195121951219512,False,1100.6820573806765
CL01_020_01_m3_makespan,20,3,makespan,bigm,22.99999999759996,17.99999999999987,21.739130426616697,False,1200.7997107505798
CL01_020_01_m3_makespan,20,3,makespan,bigmle,22.999999299999285,21.6,6.086953663513055,False,1200.7320656776428
CL01_020_01_m3_makespan,20,3,makespan,bendm,22.99999916666665,22.99999916666665,0.0,True,4.392854928970337
CL01_020_01_m3_makespan,20,3,makespan,package,23.0,21.600000000000005,6.086956521739109,False,1100.7536752223969
CL01_020_02_m2_total_cost,20,2,total_cost,bigm,435.99998199063486,349.99999999999994,19.724767326362453,False,1204.239379644394
CL01_020_02_m2_total_cost,20,2,total_cost,bigmle,437.9999785024355,433.00000000000006,1.1415476593242917,False,1200.4147818088531
CL01_020_02_m2_total_cost,20,2,total_cost,bendm,434.0,434.0,0.0,True,25.67501640319824
CL01_020_02_m2_total_cost,20,2,total_cost,package,436.0,433.0,0.6880733944954129,False,1100.8703362941742
CL01_020_02_m2_makespan,20,2,makespan,bigm,19.9999999979,19.0,4.9999999900250085,False,1200.172613620758
CL01_020_02_m2_makespan,20,2,makespan,bigmle,19.999999473196223,19.68181818181818,1.5909064987949906,False,1200.2043058872223
CL01_020_02_m2_makespan,20,2,makespan,bendm,19.99999978054413,19.99999978054413,0.0,True,7.4730384349823
CL01_020_02_m2_makespan,20,2,makespan,package,20.0,19.683333333333334,1.583333333333332,False,1100.838579416275
CL01_020_02_m3_total_cost,20,3,total_cost,bigm,440.0,328.0,25.454545454545453,False,1203.844791650772
CL01_020_02_m3_total_cost,20,3,total_cost,bigmle,439.9999768978127,433.0,1.590903923942342,False,1200.5546102523804
CL01_020_02_m3_total_cost,20,3,total_cost,bendm,433.99998933333336,433.99998933333336,0.0,True,143.3576946258545
CL01_020_02_m3_total_cost,20,3,total_cost,package,436.0,433.0,0.6880733944954129,False,1100.7995827198029
CL01_020_02_m3_makespan,20,3,makespan,bigm,16.0,16.0,0.0,True,45.43588590621948
CL01_020_02_m3_makespan,20,3,makespan,bigmle,16.0,16.0,0.0,True,320.7913167476654
CL01_020_02_m3_makespan,20,3,makespan,bendm,15.999999166666658,15.999999166666658,0.0,True,3.356815814971924
CL01_020_02_m3_makespan,20,3,makespan,package,16.0,14.433333333333335,9.791666666666654,False,1100.824078321457
CL03_020_01_m2_total_cost,20,2,total_cost,bigm,7303.999928097872,4376.0,40.08762263036317,False,1205.4465246200562
CL03_020_01_m2_total_cost,20,2,total_cost,bigmle,7327.996000021048,7120.000000000001,2.838374912055768,False,1200.465082168579
CL03_020_01_m2_total_cost,20,2,total_cost,bendm,7191.999970285714,7191.999970285714,0.0,True,25.822960138320923
CL03_020_01_m2_total_cost,20,2,total_cost,package,7224.0,7120.0,1.4396456256921373,False,1100.910907745361
CL03_020_01_m2_makespan,20,2,makespan,bigm,83.99999999149999,57.0,32.14285713599064,False,1202.6890270709991
CL03_020_01_m2_makespan,20,2,makespan,bigmle,84.99999967251355,81.88888888888889,3.660130347777762,False,1200.5237216949463
CL03_020_01_m2_makespan,20,2,makespan,bendm,82.9999999916003,82.99999725532504,3.2967171849840085e-06,True,17.397418975830078
CL03_020_01_m2_makespan,20,2,makespan,package,84.0,81.88888888888889,2.513227513227517,False,1102.2627847194672
CL03_020_01_m3_total_cost,20,3,total_cost,bigm,7343.999978785066,4176.0,43.13725473769888,False,1204.9003033638
CL03_020_01_m3_total_cost,20,3,total_cost,bigmle,7527.999987446339,7120.000000000001,5.419766048442048,False,1200.6070930957794
CL03_020_01_m3_total_cost,20,3,total_cost,bendm,7191.999941559775,7191.77142857143,0.0031773218882324,True,36.8794174194336
CL03_020_01_m3_total_cost,20,3,total_cost,package,7368.0,7120.0,3.3659066232356136,False,1101.0375046730042
CL03_020_01_m3_makespan,20,3,makespan,bigm,62.99999999359999,55.0,12.698412689543956,False,1200.9287214279177
CL03_020_01_m3_makespan,20,3,makespan,bigmle,63.99999977436117,61.41666666666666,4.036457995003631,False,1200.493113040924
CL03_020_01_m3_makespan,20,3,makespan,bendm,63.0,63.0,0.0,True,14.663145780563354
CL03_020_01_m3_makespan,20,3,makespan,package,63.0,61.41666666666666,2.513227513227529,False,1100.89022397995
CL03_020_02_m2_total_cost,20,2,total_cost,bigm,4264.0,3776.0,11.44465290806754,False,1200.9770965576172
CL03_020_02_m2_total_cost,20,2,total_cost,bigmle,4287.999952220682,4169.000000000002,2.775185483830332,False,1200.433579206467
CL03_020_02_m2_total_cost,20,2,total_cost,bendm,4263.99998925967,4220.0,1.0318946850492177,False,1205.409910917282
CL03_020_02_m2_total_cost,20,2,total_cost,package,4296.0,4169.000000000002,2.956238361266252,False,1102.292947769165
CL03_020_02_m2_makespan,20,2,makespan,bigm,49.9999999949,47.0,5.99999999041199,False,1200.445057630539
CL03_020_02_m2_makespan,20,2,makespan,bigmle,49.99999972490996,47.37499999999999,5.249999478704376,False,1200.6957857608795
CL03_020_02_m2_makespan,20,2,makespan,bendm,49.0,49.0,0.0,True,34.32192921638489
CL03_020_02_m2_makespan,20,2,makespan,package,50.0,47.375,5.25,False,1100.904798269272
CL03_020_02_m3_total_cost,20,3,total_cost,bigm,4311.999983186033,3328.0,22.82003680480025,False,1201.4571316242218
CL03_020_02_m3_total_cost,20,3,total_cost,bigmle,4287.999999571096,4169.000000000002,2.775186557439296,False,1200.410002708435
CL03_020_02_m3_total_cost,20,3,total_cost,bendm,4264.0,4196.530120481928,1.5823142476095695,False,1204.0083203315735
CL03_020_02_m3_total_cost,20,3,total_cost,package,4320.0,4169.000000000002,3.4953703703703285,False,1100.779798269272
CL03_020_02_m3_makespan,20,3,makespan,bigm,39.0,39.0,0.0,True,4.113485813140869
CL03_020_02_m3_makespan,20,3,makespan,bigmle,39.0,39.0,0.0,True,3.153780698776245
CL03_020_02_m3_makespan,20,3,makespan,bendm,38.99999855750217,38.99999855750217,0.0,True,6.989770412445068
CL03_020_02_m3_makespan,20,3,makespan,package,39.0,34.74166666666667,10.918803418803416,False,1100.893663406372
CL08_020_01_m2_total_cost,20,2,total_cost,bigm,52260.0,19100.0,63.45197091465749,False,1202.4745571613312
CL08_020_01_m2_total_cost,20,2,total_cost,bigmle,52979.99978542671,48362.99999999999,8.714608916810024,False,1200.6662299633026
CL08_020_01_m2_total_cost,20,2,total_cost,bendm,49620.0,48363.00000002089,2.533252720635048,False,1202.2631750106812
CL08_020_01_m2_total_cost,20,2,total_cost,package,50800.0,48363.0,4.797244094488189,False,1100.792795419693
CL08_020_01_m2_makespan,20,2,makespan,bigm,243.0,162.0,33.33333333333333,False,1202.8296704292295
CL08_020_01_m2_makespan,20,2,makespan,bigmle,241.9999999757,219.83181818181828,9.160405700870944,False,1201.1025607585907
CL08_020_01_m2_makespan,20,2,makespan,bendm,242.0,219.83181818181984,9.1604057099918,False,1201.9609668254852
CL08_020_01_m2_makespan,20,2,makespan,package,244.0,219.83181818181828,9.904992548435132,False,1100.8968019485474
CL08_020_01_m3_total_cost,20,3,total_cost,bigm,50720.0,20880.0,58.83280757097792,False,1202.677695274353
CL08_020_01_m3_total_cost,20,3,total_cost,bigmle,51060.0,48363.000000000015,5.28202115158634,False,1200.586989402771
CL08_020_01_m3_total_cost,20,3,total_cost,bendm,49779.9998809622,48363.00000019357,2.846524476008574,False,1201.8853816986084
CL08_020_01_m3_total_cost,20,3,total_cost,package,50860.0,48363.00000000001,4.909555642941394,False,1100.895537853241
CL08_020_01_m3_makespan,20,3,makespan,bigm,173.0,165.00000000000009,4.6242774566473495,False,1200.7895469665527
CL08_020_01_m3_makespan,20,3,makespan,bigmle,172.99999998259975,161.21,6.815028892361617,False,1200.4700944423676
CL08_020_01_m3_makespan,20,3,makespan,bendm,173.0,172.99990265800042,5.626705177880829e-05,True,672.7359158992767
CL08_020_01_m3_makespan,20,3,makespan,package,173.0,161.21,6.815028901734099,False,1101.0234274864197
CL08_020_02_m2_total_cost,20,2,total_cost,bigm,48459.99999515389,28400.0,41.39496491366062,False,1204.5689597129822
CL08_020_02_m2_total_cost,20,2,total_cost,bigmle,48459.98800000553,46540.000000000015,3.962006759071615,False,1200.464063167572
CL08_020_02_m2_total_cost,20,2,total_cost,bendm,48379.86022216741,46899.044461520825,3.060810332742716,False,1205.1252703666687
CL08_020_02_m2_total_cost,20,2,total_cost,package,49000.0,46540.00000000001,5.020408163265292,False,1100.8488595485687
CL08_020_02_m2_makespan,20,2,makespan,bigm,225.9999999773,172.0,23.89380530209021,False,1203.271606683731
CL08_020_02_m2_makespan,20,2,makespan,bigmle,223.9999999775,211.69230769230765,5.494505485012766,False,1200.701289653778
CL08_020_02_m2_makespan,20,2,makespan,bendm,224.0,224.0,0.0,True,221.52910494804385
CL08_020_02_m2_makespan,20,2,makespan,package,227.0,211.69230769230765,6.743476787529669,False,1100.9233214855194
CL08_020_02_m3_total_cost,20,3,total_cost,bigm,49199.999919644186,23860.0,51.504064961444506,False,1203.6024363040924
CL08_020_02_m3_total_cost,20,3,total_cost,bigmle,49779.99983517484,46540.00000000002,6.508637697675159,False,1200.6095581054688
CL08_020_02_m3_total_cost,20,3,total_cost,bendm,47799.99976332049,46966.009731819664,1.7447490285152525,False,1205.517608642578
CL08_020_02_m3_total_cost,20,3,total_cost,package,48960.0,46540.000000000015,4.94281045751631,False,1100.8028316497805
CL08_020_02_m3_makespan,20,3,makespan,bigm,174.0,139.00000000000009,20.114942528735583,False,1201.2943768501282
CL08_020_02_m3_makespan,20,3,makespan,bigmle,173.9999999649999,155.640350877193,10.55152246637928,False,1200.8485910892489
CL08_020_02_m3_makespan,20,3,makespan,bendm,172.0,172.0,0.0,True,74.80961322784424
CL08_020_02_m3_makespan,20,3,makespan,package,174.0,155.640350877193,10.551522484371848,False,1102.3829905986786
CL10_020_01_m2_total_cost,20,2,total_cost,bigm,54619.999712394485,53280.0,2.453313290828175,False,1201.0799083709717
CL10_020_01_m2_total_cost,20,2,total_cost,bigmle,54619.906950101664,53760.0,1.5743471531125763,False,1200.3865857124329
CL10_020_01_m2_total_cost,20,2,total_cost,bendm,54619.99999999994,54619.99999999994,0.0,True,2.170704841613769
CL10_020_01_m2_total_cost,20,2,total_cost,package,54620.0,53760.0,1.5745148297326987,False,1100.8588404655457
CL10_020_01_m2_makespan,20,2,makespan,bigm,260.0,260.0,0.0,True,6.192352056503296
CL10_020_01_m2_makespan,20,2,makespan,bigmle,260.0,260.0,0.0,True,22.98379182815552
CL10_020_01_m2_makespan,20,2,makespan,bendm,259.99999999999955,259.9999999999993,8.74514136320125e-14,True,0.5203728675842285
CL10_020_01_m2_makespan,20,2,makespan,package,260.0,256.50000000000006,1.3461538461538245,False,1100.8649127483368
CL10_020_01_m3_total_cost,20,3,total_cost,bigm,52759.99960558773,52080.0,1.2888544554039565,False,1200.4645001888275
CL10_020_01_m3_total_cost,20,3,total_cost,bigmle,52760.0,52350.00000000001,0.7771038665655662,False,1200.2644925117493
CL10_020_01_m3_total_cost,20,3,total_cost,bendm,52760.0,52760.0,0.0,True,3.070851325988769
CL10_020_01_m3_total_cost,20,3,total_cost,package,52760.0,52350.0,0.77710386656558,False,1100.9963266849518
CL10_020_01_m3_makespan,20,3,makespan,bigm,192.0,192.0,0.0,True,4.047634601593018
CL10_020_01_m3_makespan,20,3,makespan,bigmle,192.0,192.0,0.0,True,6.879608869552612
CL10_020_01_m3_makespan,20,3,makespan,bendm,192.0,192.0,0.0,True,0.5720975399017334
CL10_020_01_m3_makespan,20,3,makespan,package,192.0,179.0,6.770833333333333,False,1100.893193244934
CL10_020_02_m2_total_cost,20,2,total_cost,bigm,24499.999936296903,18620.0,23.99999980239041,False,1204.0914974212646
CL10_020_02_m2_total_cost,20,2,total_cost,bigmle,24719.99987396736,23768.0,3.8511321958780274,False,1200.3818612098694
CL10_020_02_m2_total_cost,20,2,total_cost,bendm,24399.999630769234,24398.0,0.0081952081946613,True,689.2003943920135
CL10_020_02_m2_total_cost,20,2,total_cost,package,24940.0,23768.0,4.699278267842852,False,1100.953765153885
CL10_020_02_m2_makespan,20,2,makespan,bigm,113.99999998849998,110.0,3.50877192009078,False,1200.4098844528198
CL10_020_02_m2_makespan,20,2,makespan,bigmle,112.99999971238644,112.0,0.8849554999395508,False,1200.1889617443085
CL10_020_02_m2_makespan,20,2,makespan,bendm,112.99999998859946,112.99999998859946,0.0,True,9.562180757522585
CL10_020_02_m2_makespan,20,2,makespan,package,116.0,108.13793103448276,6.777645659928654,False,1100.9283583164215
CL10_020_02_m3_total_cost,20,3,total_cost,bigm,24800.0,21340.0,13.951612903225808,False,1203.0436782836914
CL10_020_02_m3_total_cost,20,3,total_cost,bigmle,24399.99982301989,23768.0,2.5901632278851148,False,1200.478333234787
CL10_020_02_m3_total_cost,20,3,total_cost,bendm,24399.9999951198,24380.0,0.0819671931303309,False,1201.2684123516085
CL10_020_02_m3_total_cost,20,3,total_cost,package,24940.0,23768.0,4.699278267842837,False,1100.8967218399048
CL10_020_02_m3_makespan,20,3,makespan,bigm,86.0,86.0,0.0,True,4.768332004547119
CL10_020_02_m3_makespan,20,3,makespan,bigmle,86.0,86.0,0.0,True,4.651789903640747
CL10_020_02_m3_makespan,20,3,makespan,bendm,86.0,86.0,0.0,True,1.290030002593994
CL10_020_02_m3_makespan,20,3,makespan,package,86.0,82.0,4.651162790697675,False,1100.927178144455
CL02_020_01_m2_total_cost,20,2,total_cost,bendm,659.9999725233641,648.0000000000084,1.818177730746939,False,1204.9575004577637
CL02_020_01_m2_total_cost,20,2,total_cost,package,660.0,648.0,1.818181818181818,False,1100.660685300827
CL02_020_01_m2_makespan,20,2,makespan,bendm,10.999995143026052,10.000000000000004,9.09086895061077,False,1201.3107116222382
CL02_020_01_m2_makespan,20,2,makespan,package,11.0,10.0,9.090909090909092,False,1100.7713084220886
CL02_020_01_m3_total_cost,20,3,total_cost,bendm,659.9999759999994,648.0000000000013,1.8181782479334725,False,1204.7757368087769
CL02_020_01_m3_total_cost,20,3,total_cost,package,666.0,648.0,2.702702702702702,False,1102.3020515441897
CL02_020_01_m3_makespan,20,3,makespan,bendm,9.999999998900009,9.999999998899998,1.065814103757389e-13,True,5.571343660354614
CL02_020_01_m3_makespan,20,3,makespan,package,10.0,10.0,0.0,True,1100.7831313610077
CL02_020_02_m2_total_cost,20,2,total_cost,bendm,449.9999729999996,433.0000000000001,3.7777720044439778,False,1203.9347758293152
CL02_020_02_m2_total_cost,20,2,total_cost,package,450.0,433.0,3.7777777777777777,False,1100.6660799980164
CL02_020_02_m2_makespan,20,2,makespan,bendm,10.0,9.999997743549123,2.2564508768141422e-05,True,0.191004991531372
CL02_020_02_m2_makespan,20,2,makespan,package,10.0,10.0,0.0,True,1100.8836896419523
CL02_020_02_m3_total_cost,20,3,total_cost,bendm,449.9999729999995,433.0000000000005,3.777772004443877,False,1203.5229206085205
CL02_020_02_m3_total_cost,20,3,total_cost,package,456.0,433.0,5.043859649122807,False,1102.1702404022217
CL02_020_02_m3_makespan,20,3,makespan,bendm,10.0,9.999999998899993,1.1000071964417657e-08,True,0.4712626934051513
CL02_020_02_m3_makespan,20,3,makespan,package,10.0,10.0,0.0,True,1100.9160885810852
CL04_020_01_m2_total_cost,20,2,total_cost,bendm,7079.999952854053,6871.000000004239,2.951976754824169,False,1201.7551321983335
CL04_020_01_m2_total_cost,20,2,total_cost,package,7300.0,6871.000000000002,5.876712328767098,False,1100.8157386779783
CL04_020_01_m2_makespan,20,2,makespan,bendm,33.999999990667405,31.231818181821133,8.141711204723839,False,1202.1276698112488
CL04_020_01_m2_makespan,20,2,makespan,package,34.0,33.0,2.941176470588235,False,1100.8941798210144
CL04_020_01_m3_total_cost,20,3,total_cost,bendm,7079.999682002191,6871.000000027151,2.951973041839677,False,1201.127701997757
CL04_020_01_m3_total_cost,20,3,total_cost,package,7280.0,6871.0,5.618131868131869,False,1100.8341026306152
CL04_020_01_m3_makespan,20,3,makespan,bendm,32.99999999659962,32.99999999659962,0.0,True,75.38831114768982
CL04_020_01_m3_makespan,20,3,makespan,package,33.0,33.0,0.0,True,1101.063959360123
CL04_020_02_m2_total_cost,20,2,total_cost,bendm,4299.999999569899,4169.000000000482,3.0465116181981418,False,1201.1175785064695
CL04_020_02_m2_total_cost,20,2,total_cost,package,4400.0,4169.0,5.25,False,1100.7823185920715
CL04_020_02_m2_makespan,20,2,makespan,bendm,31.99990000066664,31.99990000066664,0.0,True,2.4176740646362305
CL04_020_02_m2_makespan,20,2,makespan,package,32.0,32.0,0.0,True,1100.872982263565
CL04_020_02_m3_total_cost,20,3,total_cost,bendm,4299.999937634402,4169.000000010986,3.046510221474202,False,1201.0133063793182
CL04_020_02_m3_total_cost,20,3,total_cost,package,4400.0,4169.0,5.25,False,1100.8062853813171
CL04_020_02_m3_makespan,20,3,makespan,bendm,32.0,31.999999996699955,1.0312639631138154e-08,True,3.198506116867065
CL04_020_02_m3_makespan,20,3,makespan,package,32.0,32.0,0.0,True,1100.9269058704376
CL05_020_01_m2_total_cost,20,2,total_cost,bendm,57459.99916000001,57459.99916000001,0.0,True,29.63579797744751
CL05_020_01_m2_total_cost,20,2,total_cost,package,58040.0,56900.0,1.964162646450724,False,1100.9105257987976
CL05_020_01_m2_makespan,20,2,makespan,bendm,267.0,267.0,0.0,True,5.328817367553711
CL05_020_01_m2_makespan,20,2,makespan,package,267.0,258.6363636363636,3.132448076268305,False,1100.9299960136414
CL05_020_01_m3_total_cost,20,3,total_cost,bendm,57139.99996544985,57139.99996544985,0.0,True,64.66520762443542
CL05_020_01_m3_total_cost,20,3,total_cost,package,57620.0,56900.0,1.2495661228740025,False,1100.8801033496857
CL05_020_01_m3_makespan,20,3,makespan,bendm,204.0,204.0,0.0,True,10.89756965637207
CL05_020_01_m3_makespan,20,3,makespan,package,204.0,189.66666666666663,7.0261437908496776,False,1100.921983242035
CL05_020_02_m2_total_cost,20,2,total_cost,bendm,35399.99534974703,35399.99534974703,0.0,True,207.41260528564453
CL05_020_02_m2_total_cost,20,2,total_cost,package,35400.0,34159.99999999999,3.502824858757083,False,1100.8755702972412
CL05_020_02_m2_makespan,20,2,makespan,bendm,166.0,166.0,0.0,True,13.18961238861084
CL05_020_02_m2_makespan,20,2,makespan,package,168.0,155.2727272727273,7.575757575757554,False,1100.9646162986755
CL05_020_02_m3_total_cost,20,3,total_cost,bendm,34539.99801637052,34539.99801637052,0.0,True,192.00905776023865
CL05_020_02_m3_total_cost,20,3,total_cost,package,34540.0,34160.0,1.1001737116386796,False,1101.0040831565857
CL05_020_02_m3_makespan,20,3,makespan,bendm,123.0,123.0,0.0,True,6.476718425750732
CL05_020_02_m3_makespan,20,3,makespan,package,123.0,113.86666666666665,7.425474254742564,False,1100.9897458553314
CL06_020_01_m2_total_cost,20,2,total_cost,bendm,55199.99914066432,53710.00000009606,2.6992738473987137,False,1201.1661205291748
CL06_020_01_m2_total_cost,20,2,total_cost,package,57900.0,53710.00000000007,7.236614853195052,False,1101.4131016731262
CL06_020_01_m2_makespan,20,2,makespan,bendm,93.99999999050108,93.99999999049994,1.2094344439691952e-12,True,379.9771845340729
CL06_020_01_m2_makespan,20,2,makespan,package,94.0,94.0,0.0,True,1101.6751294136047
CL06_020_01_m3_total_cost,20,3,total_cost,bendm,55679.99971005789,53710.000000050975,3.538074210246544,False,1201.255578994751
CL06_020_01_m3_total_cost,20,3,total_cost,package,57600.0,53710.00000000003,6.753472222222172,False,1102.004098653793
CL06_020_01_m3_makespan,20,3,makespan,bendm,93.99999998100202,93.99999998100202,0.0,True,91.65370726585388
CL06_020_01_m3_makespan,20,3,makespan,package,94.0,94.0,0.0,True,1101.8453495502472
CL06_020_02_m2_total_cost,20,2,total_cost,bendm,34500.0,32367.00000000801,6.182608695628944,False,1200.734705209732
CL06_020_02_m2_total_cost,20,2,total_cost,package,35700.0,32367.0,9.336134453781511,False,1101.4198920726776
CL06_020_02_m2_makespan,20,2,makespan,bendm,91.0,91.0,0.0,True,75.65024304389954
CL06_020_02_m2_makespan,20,2,makespan,package,91.0,91.0,0.0,True,1101.494285821915
CL06_020_02_m3_total_cost,20,3,total_cost,bendm,34559.99999654389,32367.00000003472,6.34548610164492,False,1200.9902193546295
CL06_020_02_m3_total_cost,20,3,total_cost,package,35520.0,32367.0,8.87668918918919,False,1101.627589225769
CL06_020_02_m3_makespan,20,3,makespan,bendm,90.99988013642532,90.99988013642532,0.0,True,54.997740745544434
CL06_020_02_m3_makespan,20,3,makespan,package,91.0,91.0,0.0,True,1101.9805116653442
CL07_020_01_m2_total_cost,20,2,total_cost,bendm,47800.0,47800.0,0.0,True,1.1804428100585938
CL07_020_01_m2_total_cost,20,2,total_cost,package,47800.0,45040.0,5.7740585774058575,False,1100.775929927826
CL07_020_01_m2_makespan,20,2,makespan,bendm,230.00000000000003,230.00000000000003,0.0,True,0.2218339443206787
CL07_020_01_m2_makespan,20,2,makespan,package,230.0,211.25,8.152173913043478,False,1100.8645153045654
CL07_020_01_m3_total_cost,20,3,total_cost,bendm,45960.0,45960.0,0.0,True,1.602599859237671
CL07_020_01_m3_total_cost,20,3,total_cost,package,45960.0,45030.0,2.0234986945169715,False,1100.8144237995148
CL07_020_01_m3_makespan,20,3,makespan,bendm,160.99999920487332,160.99999920487332,0.0,True,1.7713916301727295
CL07_020_01_m3_makespan,20,3,makespan,package,161.0,150.09999999999997,6.770186335403748,False,1100.9135491847992
CL07_020_02_m2_total_cost,20,2,total_cost,bendm,45900.0,45900.0,0.0,True,0.023500919342041
CL07_020_02_m2_total_cost,20,2,total_cost,package,45900.0,45900.0,0.0,True,1100.7393436431885
CL07_020_02_m2_makespan,20,2,makespan,bendm,229.9996769432412,229.9996769432412,0.0,True,339.08849024772644
CL07_020_02_m2_makespan,20,2,makespan,package,230.0,229.5,0.217391304347826,False,1100.822104215622
CL07_020_02_m3_total_cost,20,3,total_cost,bendm,41080.0,41080.0,0.0,True,0.1264095306396484
CL07_020_02_m3_total_cost,20,3,total_cost,package,41080.0,41080.0,0.0,True,1100.8101527690887
CL07_020_02_m3_makespan,20,3,makespan,bendm,152.99999999999997,152.99999999999997,0.0,True,0.1112947463989257
CL07_020_02_m3_makespan,20,3,makespan,package,153.0,153.0,0.0,True,1100.8786115646362
CL09_020_01_m2_total_cost,20,2,total_cost,bendm,132360.0,132353.58841851648,0.0048440476605651,True,0.1184532642364502
CL09_020_01_m2_total_cost,20,2,total_cost,package,132360.0,132060.0,0.2266545784224841,False,1102.1946427822113
CL09_020_01_m2_makespan,20,2,makespan,bendm,647.99935196204,647.99935196204,0.0,True,106.84035205841064
CL09_020_01_m2_makespan,20,2,makespan,package,648.0,647.5,0.0771604938271604,False,1100.775092124939
CL09_020_01_m3_total_cost,20,3,total_cost,bendm,123120.0,123120.0,0.0,True,0.1211488246917724
CL09_020_01_m3_total_cost,20,3,total_cost,package,123120.0,122520.0,0.4873294346978557,False,1100.8108966350555
CL09_020_01_m3_makespan,20,3,makespan,bendm,432.9999986666667,432.9999980380954,1.4516659225563816e-07,True,0.2883720397949219
CL09_020_01_m3_makespan,20,3,makespan,package,433.0,431.6666666666667,0.307929176289449,False,1100.8621151447296
CL09_020_02_m2_total_cost,20,2,total_cost,bendm,88479.99989846155,88479.99989846155,0.0,True,0.8393268585205078
CL09_020_02_m2_total_cost,20,2,total_cost,package,88480.0,88440.0,0.0452079566003616,False,1100.8325181007383
CL09_020_02_m2_makespan,20,2,makespan,bendm,425.9994077458204,425.9994077458204,0.0,True,13.047463655471802
CL09_020_02_m2_makespan,20,2,makespan,package,426.0,425.5,0.1173708920187793,False,1100.8099837303162
CL09_020_02_m3_total_cost,20,3,total_cost,bendm,82140.0,82140.0,0.0,True,0.3081686496734619
CL09_020_02_m3_total_cost,20,3,total_cost,package,82140.0,81390.0,0.9130752373995616,False,1100.7955927848816
CL09_020_02_m3_makespan,20,3,makespan,bendm,284.0,284.0,0.0,True,0.2956786155700683
CL09_020_02_m3_makespan,20,3,makespan,package,284.0,283.6666666666667,0.1173708920187726,False,1100.8269956111908
CL01_060_01_m2_total_cost,60,2,total_cost,bigm,2175.9999997823,212.25050489197577,90.24584076685612,False,1201.1486740112305
CL01_060_01_m2_total_cost,60,2,total_cost,bigmle,2197.999977246945,2010.0000000000005,8.553229262650861,False,1201.6801748275757
CL01_060_01_m2_total_cost,60,2,total_cost,bendm,2010.0,2010.0,0.0,True,4.470366716384888
CL01_060_01_m2_total_cost,60,2,total_cost,package,2032.0,2010.0,1.0826771653543308,False,1101.5768990516665
CL01_060_01_m2_makespan,60,2,makespan,bigm,102.9996839538826,13.0,87.37860204908914,False,1203.0084404945374
CL01_060_01_m2_makespan,60,2,makespan,bigmle,100.99999897960026,91.36363636363636,9.540953181504705,False,1201.7835655212402
CL01_060_01_m2_makespan,60,2,makespan,bendm,91.99997797256007,91.48780474636769,0.5567101617623899,False,1203.9249196052551
CL01_060_01_m2_makespan,60,2,makespan,package,92.0,91.36363636363636,0.6916996047430718,False,1101.3730790615082
CL01_060_01_m3_total_cost,60,3,total_cost,bigm,2141.9999910849974,272.084176028927,87.29765746212226,False,1201.499718427658
CL01_060_01_m3_total_cost,60,3,total_cost,bigmle,2139.9999873754728,2010.0000000000005,6.074765801045923,False,1204.1429452896118
CL01_060_01_m3_total_cost,60,3,total_cost,bendm,2010.0,2010.0,0.0,True,4.017471551895142
CL01_060_01_m3_total_cost,60,3,total_cost,package,2030.0,2010.0,0.9852216748768472,False,1100.88804769516
CL01_060_01_m3_makespan,60,3,makespan,bigm,72.99999990009222,16.0,78.08219175082522,False,1203.5813665390017
CL01_060_01_m3_makespan,60,3,makespan,bigmle,71.99999999269997,67.0,6.944444435009606,False,1201.7851967811584
CL01_060_01_m3_makespan,60,3,makespan,bendm,67.0,67.0,0.0,True,4.791482448577881
CL01_060_01_m3_makespan,60,3,makespan,package,68.0,67.0,1.4705882352941175,False,1101.4207808971405
CL01_060_02_m2_total_cost,60,2,total_cost,bigm,1975.999988731352,290.0,85.3238865559818,False,1201.042560338974
CL01_060_02_m2_total_cost,60,2,total_cost,bigmle,1880.0,1766.0000000000002,6.06382978723403,False,1201.4420363903046
CL01_060_02_m2_total_cost,60,2,total_cost,bendm,1766.0,1766.0,0.0,True,14.16687273979187
CL01_060_02_m2_total_cost,60,2,total_cost,package,1770.0,1766.0,0.2259887005649717,False,1101.8379015922546
CL01_060_02_m2_makespan,60,2,makespan,bigm,89.99999999089937,14.0,84.44444444287149,False,1202.8901460170746
CL01_060_02_m2_makespan,60,2,makespan,bigmle,86.99999999119999,80.27272727272727,7.732497378336989,False,1201.9000389575958
CL01_060_02_m2_makespan,60,2,makespan,bendm,80.99999909999994,80.31999995215315,0.8395051301263365,False,1203.0953977108002
CL01_060_02_m2_makespan,60,2,makespan,package,81.0,80.28333333333333,0.8847736625514426,False,1103.180592060089
CL01_060_02_m3_total_cost,60,3,total_cost,bigm,1933.999,240.0,87.59047962279195,False,1201.369741678238
CL01_060_02_m3_total_cost,60,3,total_cost,bigmle,1915.9999976966392,1766.0000000000005,7.8288099100712145,False,1201.11341547966
CL01_060_02_m3_total_cost,60,3,total_cost,bendm,1766.0000000000005,1766.0000000000005,0.0,True,13.052732944488524
CL01_060_02_m3_total_cost,60,3,total_cost,package,1794.0,1766.0000000000002,1.5607580824972005,False,1102.6327328681946
CL01_060_02_m3_makespan,60,3,makespan,bigm,66.99999999319996,15.0,77.61194029623523,False,1202.583402633667
CL01_060_02_m3_makespan,60,3,makespan,bigmle,65.99999998659979,58.86666666666666,10.80808078997187,False,1204.5857598781586
CL01_060_02_m3_makespan,60,3,makespan,bendm,58.99999914285703,58.92397296657764,0.1288579277693022,False,1202.0012407302856
CL01_060_02_m3_makespan,60,3,makespan,package,60.0,58.86666666666667,1.888888888888888,False,1101.2168078422546
CL03_060_01_m2_total_cost,60,2,total_cost,bigm,24863.999997513496,3497.886317944304,85.93192439553529,False,1202.3219735622406
CL03_060_01_m2_total_cost,60,2,total_cost,bigmle,23959.999997603896,21800.0,9.015025032637336,False,1201.317899942398
CL03_060_01_m2_total_cost,60,2,total_cost,bendm,21840.0,21840.0,0.0,True,14.19314742088318
CL03_060_01_m2_total_cost,60,2,total_cost,package,22216.0,21800.0,1.8725243068059056,False,1102.129186630249
CL03_060_01_m2_makespan,60,2,makespan,bigm,290.9999999707998,56.0,80.75601374377345,False,1202.536038398743
CL03_060_01_m2_makespan,60,2,makespan,bigmle,276.9999999721998,249.75,9.837545117304956,False,1201.4537348747251
CL03_060_01_m2_makespan,60,2,makespan,bendm,250.9999674352096,250.50000000000017,0.1991902390738122,False,1200.8881876468658
CL03_060_01_m2_makespan,60,2,makespan,package,253.0,249.75,1.2845849802371765,False,1102.124207019806
CL03_060_01_m3_total_cost,60,3,total_cost,bigm,24639.99997721777,3387.2481203017287,86.25305144710393,False,1203.0814073085785
CL03_060_01_m3_total_cost,60,3,total_cost,bigmle,24496.0,21574.666666666668,11.92575658610929,False,1201.800083398819
CL03_060_01_m3_total_cost,60,3,total_cost,bendm,21687.9999536,21589.24823823233,0.4553288250596466,False,1205.3707094192505
CL03_060_01_m3_total_cost,60,3,total_cost,package,22752.0,21574.666666666664,5.174636661978445,False,1101.797725200653
CL03_060_01_m3_makespan,60,3,makespan,bigm,209.0,36.99999999999997,82.29665071770337,False,1202.445736169815
CL03_060_01_m3_makespan,60,3,makespan,bigmle,197.99999998009991,181.04166666666663,8.564814805625083,False,1201.464437007904
CL03_060_01_m3_makespan,60,3,makespan,bendm,181.9999995431484,181.3333330833334,0.3663002535650765,False,1200.9938235282898
CL03_060_01_m3_makespan,60,3,makespan,package,188.0,181.04166666666663,3.701241134751778,False,1101.8767409324646
CL03_060_02_m2_total_cost,60,2,total_cost,bigm,20631.9667630177,2766.3121024422253,86.59210663618956,False,1202.6101875305176
CL03_060_02_m2_total_cost,60,2,total_cost,bigmle,19783.99999393336,18220.0,7.905378055059383,False,1201.5251350402832
CL03_060_02_m2_total_cost,60,2,total_cost,bendm,18375.999924162305,18220.000000000106,0.8489329821833581,False,1202.0165302753448
CL03_060_02_m2_total_cost,60,2,total_cost,package,18800.0,18220.0,3.0851063829787235,False,1101.104600906372
CL03_060_02_m2_makespan,60,2,makespan,bigm,231.99999997669943,56.0,75.862068963093,False,1202.31933259964
CL03_060_02_m2_makespan,60,2,makespan,bigmle,231.9999999767,207.0454545454545,10.756269583513657,False,1201.7386918067932
CL03_060_02_m2_makespan,60,2,makespan,bendm,209.9999991851852,207.0454545454548,1.4069260243782038,False,1201.7841529846191
CL03_060_02_m2_makespan,60,2,makespan,package,217.0,207.04545454545453,4.587348135735239,False,1101.7576115131378
CL03_060_02_m3_total_cost,60,3,total_cost,bigm,21047.99985317133,2759.999999999998,86.88711507386225,False,1202.45596909523
CL03_060_02_m3_total_cost,60,3,total_cost,bigmle,20647.999997935098,18220.00000000001,11.759008127556642,False,1202.6455857753754
CL03_060_02_m3_total_cost,60,3,total_cost,bendm,18383.99992305561,18220.00000000009,0.8920796548189743,False,1204.187889099121
CL03_060_02_m3_total_cost,60,3,total_cost,package,18928.0,18220.00000000001,3.74049027895176,False,1101.7526767253876
CL03_060_02_m3_makespan,60,3,makespan,bigm,173.0,35.0,79.76878612716763,False,1202.0787687301636
CL03_060_02_m3_makespan,60,3,makespan,bigmle,166.99999998319998,151.83333333333334,9.081836318199036,False,1201.664502620697
CL03_060_02_m3_makespan,60,3,makespan,bendm,153.99999622158052,151.83333333333374,1.406923987926147,False,1201.16433095932
CL03_060_02_m3_makespan,60,3,makespan,package,160.0,151.83333333333334,5.104166666666661,False,1101.5950107574463
CL08_060_01_m2_total_cost,60,2,total_cost,bigm,162459.9999350151,20633.423112197623,87.29938254311762,False,1202.7050244808197
CL08_060_01_m2_total_cost,60,2,total_cost,bigmle,161960.0,145807.00000000012,9.973450234625762,False,1201.8368437290192
CL08_060_01_m2_total_cost,60,2,total_cost,bendm,148079.9991564289,145807.0000001278,1.534980530287524,False,1200.7297637462616
CL08_060_01_m2_total_cost,60,2,total_cost,package,153000.0,145807.0000000001,4.701307189542427,False,1101.4173135757446
CL08_060_01_m2_makespan,60,2,makespan,bigm,754.9999999243998,150.0,80.13245032913645,False,1202.4724571704865
CL08_060_01_m2_makespan,60,2,makespan,bigmle,727.9999999270999,662.7590909090902,8.96166332754708,False,1201.447907447815
CL08_060_01_m2_makespan,60,2,makespan,bendm,678.0,662.7590909091003,2.247921694822959,False,1201.49977684021
CL08_060_01_m2_makespan,60,2,makespan,package,696.0,662.76,4.775862068965519,False,1102.7814393043518
CL08_060_01_m3_total_cost,60,3,total_cost,bigm,165099.9999669797,20010.615175636707,87.87970007290195,False,1202.4806036949158
CL08_060_01_m3_total_cost,60,3,total_cost,bigmle,158020.0,145807.0000000003,7.728768510314967,False,1202.0934355258942
CL08_060_01_m3_total_cost,60,3,total_cost,bendm,147879.99998521188,145807.00000008647,1.4018122703088398,False,1200.4172608852386
CL08_060_01_m3_total_cost,60,3,total_cost,package,151100.0,145807.00000000026,3.5029781601586616,False,1103.6029076576233
CL08_060_01_m3_makespan,60,3,makespan,bigm,543.9999999454999,100.0,81.61764705698191,False,1201.9916915893557
CL08_060_01_m3_makespan,60,3,makespan,bigmle,549.0,486.02333333333326,11.471159684274452,False,1202.050752878189
CL08_060_01_m3_makespan,60,3,makespan,bendm,500.9999994873016,486.0233333333476,2.989354524806473,False,1201.5692448616028
CL08_060_01_m3_makespan,60,3,makespan,package,519.0,486.0233333333333,6.3538856775851045,False,1102.7667603492737
CL08_060_02_m2_total_cost,60,2,total_cost,bigm,169619.99972801603,18839.99999999997,88.89281922520355,False,1202.5415315628052
CL08_060_02_m2_total_cost,60,2,total_cost,bigmle,159579.9999680037,143564.99999999997,10.035718743711492,False,1203.1536571979525
CL08_060_02_m2_total_cost,60,2,total_cost,bendm,145520.0,143565.00000007692,1.343457943872374,False,1200.6952934265137
CL08_060_02_m2_total_cost,60,2,total_cost,package,150340.0,143565.0,4.506452042038047,False,1101.8836770057678
CL08_060_02_m2_makespan,60,2,makespan,bigm,760.9999999237998,100.0,86.85939553087869,False,1203.217153787613
CL08_060_02_m2_makespan,60,2,makespan,bigmle,742.9999999255999,652.5681818181819,12.1711733669547,False,1202.0224750041962
CL08_060_02_m2_makespan,60,2,makespan,bendm,667.0,652.5681818181946,2.1636908818298948,False,1201.280650138855
CL08_060_02_m2_makespan,60,2,makespan,package,691.0,652.5683333333334,5.561746261456818,False,1102.2607243061066
CL08_060_02_m3_total_cost,60,3,total_cost,bigm,160099.9998844532,17760.0,88.90693315876473,False,1201.703203201294
CL08_060_02_m3_total_cost,60,3,total_cost,bigmle,157359.99997281958,143565.00000000003,8.76652260752563,False,1201.638908624649
CL08_060_02_m3_total_cost,60,3,total_cost,bendm,146479.994105208,143565.00000008917,1.990028824704336,False,1200.9284126758575
CL08_060_02_m3_total_cost,60,3,total_cost,package,149520.0,143565.0,3.982744783306581,False,1101.787940979004
CL08_060_02_m3_makespan,60,3,makespan,bigm,535.9999999462997,100.0,81.34328358022039,False,1202.3477008342743
CL08_060_02_m3_makespan,60,3,makespan,bigmle,529.0,478.5500000000004,9.53686200378064,False,1201.4246697425842
CL08_060_02_m3_makespan,60,3,makespan,bendm,496.999999938187,478.5500000000088,3.71227362987381,False,1201.1085903644562
CL08_060_02_m3_makespan,60,3,makespan,package,514.0,478.5500000000004,6.896887159532994,False,1104.5673353672028
CL10_060_01_m2_total_cost,60,2,total_cost,bigm,115699.99998842987,18820.0,83.73379429396542,False,1202.6641955375671
CL10_060_01_m2_total_cost,60,2,total_cost,bigmle,112819.99986876316,103430.5555555556,8.32249984411429,False,1201.9299411773682
CL10_060_01_m2_total_cost,60,2,total_cost,bendm,104739.99998952588,103524.04761904778,1.1609245470686451,False,1201.6030695438385
CL10_060_01_m2_total_cost,60,2,total_cost,package,107600.0,103430.55555555558,3.874948368442773,False,1103.130041360855
CL10_060_01_m2_makespan,60,2,makespan,bigm,529.9999999468997,152.0,71.32075471410778,False,1202.7200026512146
CL10_060_01_m2_makespan,60,2,makespan,bigmle,517.9999999480999,470.31944444444457,9.20474044564336,False,1202.2350759506226
CL10_060_01_m2_makespan,60,2,makespan,bendm,478.9999993558547,470.68909050048586,1.7350540431200638,False,1201.3792622089386
CL10_060_01_m2_makespan,60,2,makespan,package,493.0,470.3194444444445,4.600518368266833,False,1101.953949689865
CL10_060_01_m3_total_cost,60,3,total_cost,bigm,112979.99989252703,24239.49433313062,78.54532275076244,False,1202.076139211655
CL10_060_01_m3_total_cost,60,3,total_cost,bigmle,113520.0,103430.55555555556,8.88781223083548,False,1201.424268245697
CL10_060_01_m3_total_cost,60,3,total_cost,bendm,105179.32731845012,103471.9119644321,1.6233373967571656,False,1201.1771445274353
CL10_060_01_m3_total_cost,60,3,total_cost,package,107700.0,103430.55555555556,3.964200969772008,False,1102.2830047607422
CL10_060_01_m3_makespan,60,3,makespan,bigm,390.0,149.0,61.7948717948718,False,1201.8043868541718
CL10_060_01_m3_makespan,60,3,makespan,bigmle,385.9999999612999,345.75167336010696,10.42702761793476,False,1202.513746023178
CL10_060_01_m3_makespan,60,3,makespan,bendm,353.0,346.27674963531393,1.9046035027439283,False,1202.535373210907
CL10_060_01_m3_makespan,60,3,makespan,package,367.0,345.75167336010696,5.789734779262408,False,1102.3280675411224
CL10_060_02_m2_total_cost,60,2,total_cost,bigm,120899.99998790922,29500.0,75.59966914561606,False,1202.7448225021362
CL10_060_02_m2_total_cost,60,2,total_cost,bigmle,121360.0,109801.25000000004,9.524349044166094,False,1201.2952935695648
CL10_060_02_m2_total_cost,60,2,total_cost,bendm,111059.99997419956,109930.7999888781,1.016747690963255,False,1201.6681332588196
CL10_060_02_m2_total_cost,60,2,total_cost,package,113220.0,109801.25000000004,3.019563681328361,False,1102.3210310935974
CL10_060_02_m2_makespan,60,2,makespan,bigm,570.0,170.0,70.17543859649122,False,1205.2385268211365
CL10_060_02_m2_makespan,60,2,makespan,bigmle,554.0,499.206896551724,9.890451885970394,False,1204.9637486934662
CL10_060_02_m2_makespan,60,2,makespan,bendm,507.0,500.0179558011052,1.3771290333125863,False,1202.1592600345612
CL10_060_02_m2_makespan,60,2,makespan,package,518.0,499.2068965517243,3.628012248701873,False,1102.066282749176
CL10_060_02_m3_total_cost,60,3,total_cost,bigm,121479.99992187036,23180.0,80.91866972760275,False,1201.980169057846
CL10_060_02_m3_total_cost,60,3,total_cost,bigmle,117079.99998203032,109716.00000000004,6.289716418825189,False,1201.6492412090302
CL10_060_02_m3_total_cost,60,3,total_cost,bendm,110759.99723162789,109913.36135693132,0.7643877716302271,False,1201.8766751289368
CL10_060_02_m3_total_cost,60,3,total_cost,package,113680.0,109716.00000000004,3.4869809992962444,False,1102.3548438549042
CL10_060_02_m3_makespan,60,3,makespan,bigm,410.9999999587999,140.0,65.93673965595276,False,1202.1712157726288
CL10_060_02_m3_makespan,60,3,makespan,bigmle,404.0,366.3095238095237,9.329325789721848,False,1201.682612657547
CL10_060_02_m3_makespan,60,3,makespan,bendm,373.999999175022,367.3176470588237,1.7867251687000971,False,1201.8686847686768
CL10_060_02_m3_makespan,60,3,makespan,package,380.0,366.3095238095237,3.60275689223061,False,1102.9724214076996
CL02_060_01_m2_total_cost,60,2,total_cost,bendm,2027.9999543043489,2007.000000000001,1.0355007286748787,False,1201.1799321174622
CL02_060_01_m2_total_cost,60,2,total_cost,package,2040.0,2007.0,1.617647058823518,False,1100.9037837982178
CL02_060_01_m2_makespan,60,2,makespan,bendm,31.0,30.409090909091024,1.9061583577708912,False,1201.487868309021
CL02_060_01_m2_makespan,60,2,makespan,package,31.0,30.41111111111111,1.8996415770609307,False,1101.175964593887
CL02_060_01_m3_total_cost,60,3,total_cost,bendm,2039.9999911622983,2007.000000000002,1.6176466326107497,False,1201.6549310684204
CL02_060_01_m3_total_cost,60,3,total_cost,package,2040.0,2007.0,1.6176470588235297,False,1101.1717820167542
CL02_060_01_m3_makespan,60,3,makespan,bendm,22.99999922222221,22.31360983732949,2.9843017743650444,False,1201.5554530620575
CL02_060_01_m3_makespan,60,3,makespan,package,23.0,22.300000000000004,3.0434782608695468,False,1101.1462090015411
CL02_060_02_m2_total_cost,60,2,total_cost,bendm,1793.999980434256,1766.0000000000027,1.560757008897827,False,1201.3867762088776
CL02_060_02_m2_total_cost,60,2,total_cost,package,1800.0,1766.0,1.8888888888888888,False,1101.1835956573486
CL02_060_02_m2_makespan,60,2,makespan,bendm,27.99999933333332,26.798359783227284,4.291569923987514,False,1202.0082507133484
CL02_060_02_m2_makespan,60,2,makespan,package,28.0,26.76111111111112,4.424603174603169,False,1101.2210609912872
CL02_060_02_m3_total_cost,60,3,total_cost,bendm,1787.9999814392202,1766.0000000000027,1.2304240306260477,False,1201.8693852424622
CL02_060_02_m3_total_cost,60,3,total_cost,package,1800.0,1766.0000000000002,1.8888888888888764,False,1100.97731924057
CL02_060_02_m3_makespan,60,3,makespan,bendm,19.99999976445285,19.65466294075034,1.7266841388483274,False,1201.370882987976
CL02_060_02_m3_makespan,60,3,makespan,package,20.0,19.622222222222227,1.888888888888864,False,1101.2500207424164
CL04_060_01_m2_total_cost,60,2,total_cost,bendm,22199.99990399995,21567.00000001153,2.851350931196932,False,1201.063047170639
CL04_060_01_m2_total_cost,60,2,total_cost,package,22500.0,21567.00000000001,4.146666666666618,False,1101.1624884605408
CL04_060_01_m2_makespan,60,2,makespan,bendm,101.9999998822857,98.03181818181828,3.890374220634267,False,1201.2323803901672
CL04_060_01_m2_makespan,60,2,makespan,package,104.0,98.03333333333336,5.737179487179475,False,1103.2331357002258
CL04_060_01_m3_total_cost,60,3,total_cost,bendm,22319.99996432889,21567.000000004347,3.3736557595338854,False,1200.9081807136536
CL04_060_01_m3_total_cost,60,3,total_cost,package,22320.0,21567.00000000001,3.373655913978429,False,1101.6682233810425
CL04_060_01_m3_makespan,60,3,makespan,bendm,76.0,71.89000000000017,5.407894736841881,False,1201.3006217479706
CL04_060_01_m3_makespan,60,3,makespan,package,77.0,71.89,6.636363636363636,False,1101.761768102646
CL04_060_02_m2_total_cost,60,2,total_cost,bendm,18720.0,18220.000000000688,2.670940170936498,False,1200.7902929782867
CL04_060_02_m2_total_cost,60,2,total_cost,package,19000.0,18220.000000000007,4.105263157894699,False,1101.585658311844
CL04_060_02_m2_makespan,60,2,makespan,bendm,88.0,82.81818181818205,5.888429752065847,False,1201.0865523815155
CL04_060_02_m2_makespan,60,2,makespan,package,88.0,82.82000000000001,5.886363636363628,False,1101.6611349582672
CL04_060_02_m3_total_cost,60,3,total_cost,bendm,18719.99989028563,18220.000000002085,2.670939600501877,False,1201.16241812706
CL04_060_02_m3_total_cost,60,3,total_cost,package,19040.0,18220.000000000004,4.306722689075611,False,1101.7037234306335
CL04_060_02_m3_makespan,60,3,makespan,bendm,65.0,60.73333333333349,6.564102564102322,False,1201.282725095749
CL04_060_02_m3_makespan,60,3,makespan,package,65.0,60.73333333333337,6.564102564102509,False,1102.321370124817
CL05_060_01_m2_total_cost,60,2,total_cost,bendm,174839.99040684346,174680.0,0.0915067579626182,False,1202.4640600681305
CL05_060_01_m2_total_cost,60,2,total_cost,package,179120.0,174299.99999999994,2.690933452434155,False,1102.6027994155884
CL05_060_01_m2_makespan,60,2,makespan,bendm,799.0,799.0,0.0,True,20.32188105583191
CL05_060_01_m2_makespan,60,2,makespan,package,805.0,798.9999999999997,0.7453416149068747,False,1103.4941115379331
CL05_060_01_m3_total_cost,60,3,total_cost,bendm,173699.9998971429,173450.0,0.1439262505992744,False,1201.439989566803
CL05_060_01_m3_total_cost,60,3,total_cost,package,182560.0,173439.99999999994,4.995617879053494,False,1101.799599647522
CL05_060_01_m3_makespan,60,3,makespan,bendm,584.0,579.3750000000001,0.7919520547945011,False,1202.388863325119
CL05_060_01_m3_makespan,60,3,makespan,package,598.0,579.1282051282051,3.1558185404339327,False,1103.573936700821
CL05_060_02_m2_total_cost,60,2,total_cost,bendm,145540.0,144317.19392000383,0.8401855709744178,False,1201.2071621418
CL05_060_02_m2_total_cost,60,2,total_cost,package,149180.0,144220.0,3.324842472181257,False,1102.8966670036316
CL05_060_02_m2_makespan,60,2,makespan,bendm,666.9999990181816,657.4750000000007,1.4280358369117858,False,1201.6884002685547
CL05_060_02_m2_makespan,60,2,makespan,package,685.0,656.0223880597017,4.230308312452305,False,1104.0888414382937
CL05_060_02_m3_total_cost,60,3,total_cost,bendm,145819.99998541787,144329.44990316904,1.022184941981824,False,1201.375031232834
CL05_060_02_m3_total_cost,60,3,total_cost,package,151140.0,144220.00000000006,4.578536456265676,False,1102.1915798187256
CL05_060_02_m3_makespan,60,3,makespan,bendm,491.9999989768228,488.24999975000026,0.7621949663864085,False,1202.0808835029602
CL05_060_02_m3_makespan,60,3,makespan,package,507.0,485.3333333333333,4.273504273504277,False,1102.4243943691254
CL06_060_01_m2_total_cost,60,2,total_cost,bendm,175679.99998243188,170660.00000000035,2.857468114147048,False,1201.951653957367
CL06_060_01_m2_total_cost,60,2,total_cost,package,180600.0,170660.0000000002,5.503875968992135,False,1105.417019367218
CL06_060_01_m2_makespan,60,2,makespan,bendm,273.0,258.5757575880668,5.283605279096418,False,1200.6393032073977
CL06_060_01_m2_makespan,60,2,makespan,package,275.0,258.57666666666665,5.972121212121217,False,1105.8423492908478
CL06_060_01_m3_total_cost,60,3,total_cost,bendm,181440.0,170660.00000000012,5.941358024691295,False,1202.2135634422302
CL06_060_01_m3_total_cost,60,3,total_cost,package,178800.0,170660.0000000004,4.552572706934895,False,1107.129940032959
CL06_060_01_m3_makespan,60,3,makespan,bendm,202.0,189.6222222222225,6.127612761276009,False,1200.6928582191467
CL06_060_01_m3_makespan,60,3,makespan,package,205.0,189.62222222222275,7.50135501354988,False,1109.8197691440582
CL06_060_02_m2_total_cost,60,2,total_cost,bendm,150120.0,144220.00000000015,3.930189181987646,False,1201.6119961738586
CL06_060_02_m2_total_cost,60,2,total_cost,package,153000.0,144220.00000000015,5.738562091503173,False,1104.4260156154633
CL06_060_02_m2_makespan,60,2,makespan,bendm,236.0,218.5151515152812,7.408834103694435,False,1200.8547277450562
CL06_060_02_m2_makespan,60,2,makespan,package,233.0,218.5151515151515,6.216673169462875,False,1105.1669082641602
CL06_060_02_m3_total_cost,60,3,total_cost,bendm,148680.0,144220.00000000015,2.999730965832544,False,1200.815930366516
CL06_060_02_m3_total_cost,60,3,total_cost,package,151680.0,144220.0000000004,4.91824894514741,False,1106.0669839382172
CL06_060_02_m3_makespan,60,3,makespan,bendm,172.0,160.2444444444563,6.8346253229905285,False,1200.848862171173
CL06_060_02_m3_makespan,60,3,makespan,package,171.0,160.2444444444445,6.289798570500295,False,1107.6956312656405
CL07_060_01_m2_total_cost,60,2,total_cost,bendm,157840.0,157839.99985454546,9.215315622152469e-08,True,1.2286081314086914
CL07_060_01_m2_total_cost,60,2,total_cost,package,157840.0,157440.0,0.2534211860111505,False,1102.4764111042025
CL07_060_01_m2_makespan,60,2,makespan,bendm,763.9997270832903,763.4999976388888,0.0654096365072431,False,1201.4722034931185
CL07_060_01_m2_makespan,60,2,makespan,package,764.0,761.0,0.3926701570680628,False,1101.6553535461426
CL07_060_01_m3_total_cost,60,3,total_cost,bendm,153819.99999009696,153810.22460547002,0.0063550803715789,True,77.62511825561523
CL07_060_01_m3_total_cost,60,3,total_cost,package,156580.0,153295.0,2.097969089283433,False,1101.2741794586182
CL07_060_01_m3_makespan,60,3,makespan,bendm,515.9999995605519,515.3333333333334,0.1291988813539404,False,1201.8503930568695
CL07_060_01_m3_makespan,60,3,makespan,package,525.0,511.4857142857144,2.5741496598639166,False,1102.0262792110443
CL07_060_02_m2_total_cost,60,2,total_cost,bendm,129520.0,129510.0,0.0077208153180975,True,37.27158689498901
CL07_060_02_m2_total_cost,60,2,total_cost,package,129860.0,127890.0,1.5170183274295397,False,1101.7004544734957
CL07_060_02_m2_makespan,60,2,makespan,bendm,609.9997364112214,609.2500000000001,0.1229076615069032,False,1202.3168234825134
CL07_060_02_m2_makespan,60,2,makespan,package,610.0,609.25,0.1229508196721311,False,1101.557885169983
CL07_060_02_m3_total_cost,60,3,total_cost,bendm,129460.0,129460.0,0.0,True,89.23604607582092
CL07_060_02_m3_total_cost,60,3,total_cost,package,131720.0,127870.0,2.9228666869116307,False,1101.4497275352478
CL07_060_02_m3_makespan,60,3,makespan,bendm,486.999999999999,486.999999999999,0.0,True,6.124282360076904
CL07_060_02_m3_makespan,60,3,makespan,package,487.0,487.0,0.0,True,1101.2922592163086
CL09_060_01_m2_total_cost,60,2,total_cost,bendm,313160.0,313140.0,0.0063865116873163,True,693.0611560344696
CL09_060_01_m2_total_cost,60,2,total_cost,package,314720.0,312960.0,0.5592272496187087,False,1102.7654802799225
CL09_060_01_m2_makespan,60,2,makespan,bendm,1444.9994262454763,1444.5,0.0345623836525662,False,1200.5322997570038
CL09_060_01_m2_makespan,60,2,makespan,package,1445.0,1443.25,0.1211072664359861,False,1102.076987504959
CL09_060_01_m3_total_cost,60,3,total_cost,bendm,307880.0,307880.0,0.0,True,241.20069551467896
CL09_060_01_m3_total_cost,60,3,total_cost,package,311000.0,307780.0,1.035369774919614,False,1102.0363204479218
CL09_060_01_m3_makespan,60,3,makespan,bendm,1066.0,1065.9999970434783,2.773472311933054e-07,True,51.25311088562012
CL09_060_01_m3_makespan,60,3,makespan,package,1079.0,1062.0,1.5755329008341057,False,1101.6696817874908
CL09_060_02_m2_total_cost,60,2,total_cost,bendm,318839.99931420444,318820.0,0.0062725236003817,True,26.70499968528748
CL09_060_02_m2_total_cost,60,2,total_cost,package,320460.0,318800.0,0.5180053672845285,False,1102.3845674991608
CL09_060_02_m2_makespan,60,2,makespan,bendm,1534.9993151778951,1534.5000000000002,0.03252869059665,False,1200.2838385105133
CL09_060_02_m2_makespan,60,2,makespan,package,1535.0,1534.5,0.0325732899022801,False,1101.50004863739
CL09_060_02_m3_total_cost,60,3,total_cost,bendm,309459.931045438,309340.00000000006,0.0387549512574093,False,1200.8744122982023
CL09_060_02_m3_total_cost,60,3,total_cost,package,312480.0,309340.0,1.004864311315924,False,1101.8653542995453
CL09_060_02_m3_makespan,60,3,makespan,bendm,1075.9997772931351,1075.6,0.0371540312155744,False,1202.6374135017395
CL09_060_02_m3_makespan,60,3,makespan,package,1076.0,1073.6,0.2230483271375549,False,1101.5222382545471
CL01_100_01_m2_total_cost,100,2,total_cost,bendm,2734.0,2733.000000000001,0.0365764447695351,False,1202.115089416504
CL01_100_01_m2_total_cost,100,2,total_cost,package,2740.0,2733.0,0.2554744525547445,False,1101.0652179718018
CL01_100_01_m2_makespan,100,2,makespan,bendm,124.99999906116292,124.27073683998846,0.5834097813213751,False,1202.54367852211
CL01_100_01_m2_makespan,100,2,makespan,package,125.0,124.25,0.6,False,1101.978215456009
CL01_100_01_m3_total_cost,100,3,total_cost,bendm,2733.999999088572,2733.000000000001,0.0365764114449221,False,1201.4999194145205
CL01_100_01_m3_total_cost,100,3,total_cost,package,2758.0,2733.0,0.9064539521392312,False,1102.3094108104706
CL01_100_01_m3_makespan,100,3,makespan,bendm,91.99999201649246,91.10000000000002,0.9782522767296497,False,1202.8509657382965
CL01_100_01_m3_makespan,100,3,makespan,package,92.0,91.1,0.978260869565208,False,1103.7367327213287
CL01_100_02_m2_total_cost,100,2,total_cost,bendm,3040.0,3040.0,0.0,True,6.6846764087677
CL01_100_02_m2_total_cost,100,2,total_cost,package,3070.0,3040.0,0.9771986970684038,False,1101.0624339580536
CL01_100_02_m2_makespan,100,2,makespan,bendm,138.99999098727915,138.23516105415507,0.5502373976370051,False,1202.5801739692688
CL01_100_02_m2_makespan,100,2,makespan,package,139.0,138.2,0.5755395683453319,False,1102.3814961910248
CL01_100_02_m3_total_cost,100,3,total_cost,bendm,3040.0000000000005,3040.0000000000005,0.0,True,9.3151433467865
CL01_100_02_m3_total_cost,100,3,total_cost,package,3110.0,3040.0,2.2508038585209005,False,1101.449030637741
CL01_100_02_m3_makespan,100,3,makespan,bendm,101.9999990999997,101.3881646721856,0.5998376796202385,False,1203.2424097061155
CL01_100_02_m3_makespan,100,3,makespan,package,103.0,101.33333333333334,1.618122977346269,False,1102.4321999549866
CL02_100_01_m2_total_cost,100,2,total_cost,bendm,2754.0,2733.000000000004,0.7625272331153363,False,1201.6339540481567
CL02_100_01_m2_total_cost,100,2,total_cost,package,2778.0,2733.0,1.6198704103671708,False,1101.7206211090088
CL02_100_01_m2_makespan,100,2,makespan,bendm,42.14285714285714,41.45316230927947,1.6365640118792135,False,1201.7681834697723
CL02_100_01_m2_makespan,100,2,makespan,package,43.0,41.40909090909093,3.6997885835094704,False,1101.6878266334534
CL02_100_01_m3_total_cost,100,3,total_cost,bendm,2759.999984,2733.000000000004,0.978260295526,False,1201.8245723247528
CL02_100_01_m3_total_cost,100,3,total_cost,package,2760.0,2733.0,0.9782608695652176,False,1101.8999662399292
CL02_100_01_m3_makespan,100,3,makespan,bendm,31.99999999527206,30.410798835173672,4.966253626041215,False,1201.670291185379
CL02_100_01_m3_makespan,100,3,makespan,package,32.0,30.366666666666667,5.104166666666665,False,1102.007113456726
CL02_100_02_m2_total_cost,100,2,total_cost,bendm,3060.0,3040.000000000002,0.6535947712417706,False,1201.2004754543304
CL02_100_02_m2_total_cost,100,2,total_cost,package,3090.0,3040.0,1.6181229773462782,False,1102.85272026062
CL02_100_02_m2_makespan,100,2,makespan,bendm,46.99999924999988,46.06060606060608,1.998708945498136,False,1202.1529400348663
CL02_100_02_m2_makespan,100,2,makespan,package,47.0,46.06060606060607,1.9987105093487885,False,1101.652821779251
CL02_100_02_m3_total_cost,100,3,total_cost,bendm,3096.0,3040.000000000008,1.8087855297155129,False,1201.5756101608276
CL02_100_02_m3_total_cost,100,3,total_cost,package,3072.0,3040.0,1.0416666666666663,False,1101.8480458259585
CL02_100_02_m3_makespan,100,3,makespan,bendm,34.99999900000012,33.80449496371163,3.415725915559252,False,1202.295107126236
CL02_100_02_m3_makespan,100,3,makespan,package,35.0,33.77777777777778,3.49206349206349,False,1101.7178342342377
CL03_100_01_m2_total_cost,100,2,total_cost,bendm,28872.0,28723.000000000902,0.5160709337735446,False,1201.8969020843506
CL03_100_01_m2_total_cost,100,2,total_cost,package,29432.0,28723.0,2.4089426474585487,False,1103.1150133609772
CL03_100_01_m2_makespan,100,2,makespan,bendm,329.99999907142904,326.3977272727341,1.0915975178276451,False,1201.878216266632
CL03_100_01_m2_makespan,100,2,makespan,package,338.0,326.4,3.4319526627219004,False,1102.18892288208
CL03_100_01_m3_total_cost,100,3,total_cost,bendm,28871.99995532857,28723.00000000092,0.5160707798496594,False,1201.826311826706
CL03_100_01_m3_total_cost,100,3,total_cost,package,29568.0,28723.0,2.857819264069264,False,1101.9915022850037
CL03_100_01_m3_makespan,100,3,makespan,bendm,244.0,239.35833333333383,1.902322404371369,False,1200.9784803390503
CL03_100_01_m3_makespan,100,3,makespan,package,249.0,239.35833333333343,3.872155287817898,False,1103.8657705783844
CL03_100_02_m2_total_cost,100,2,total_cost,bendm,33335.99996666771,33240.000000002794,0.2879768621337464,False,1201.7213201522827
CL03_100_02_m2_total_cost,100,2,total_cost,package,33936.0,33240.0,2.050919377652051,False,1102.2000710964203
CL03_100_02_m2_makespan,100,2,makespan,bendm,380.9999990769229,377.7272727272776,0.858983295951257,False,1201.0360045433044
CL03_100_02_m2_makespan,100,2,makespan,package,388.0,377.7272727272728,2.647610121836921,False,1102.945375919342
CL03_100_02_m3_total_cost,100,3,total_cost,bendm,33383.999943384624,33240.000000013686,0.431344187680162,False,1201.2161059379578
CL03_100_02_m3_total_cost,100,3,total_cost,package,35248.0,33240.0,5.696777122106219,False,1103.2881944179535
CL03_100_02_m3_makespan,100,3,makespan,bendm,279.99999913333266,277.3095238095251,0.9608840471911536,False,1201.9787266254425
CL03_100_02_m3_makespan,100,3,makespan,package,287.0,277.3095238095239,3.3764725402355715,False,1104.1102304458618
CL04_100_01_m2_total_cost,100,2,total_cost,bendm,29399.999931001617,28723.00000000765,2.302720859125193,False,1200.7223780155182
CL04_100_01_m2_total_cost,100,2,total_cost,package,29800.0,28723.0,3.614093959731544,False,1101.9963221549988
CL04_100_01_m2_makespan,100,2,makespan,bendm,137.0,130.5590909090919,4.701393497013207,False,1201.1791186332705
CL04_100_01_m2_makespan,100,2,makespan,package,138.0,130.56,5.391304347826085,False,1102.4001741409302
CL04_100_01_m3_total_cost,100,3,total_cost,bendm,29499.99993036396,28723.00000000675,2.6338980752249155,False,1200.5626828670502
CL04_100_01_m3_total_cost,100,3,total_cost,package,29760.0,28723.0,3.484543010752688,False,1102.3913209438324
CL04_100_01_m3_makespan,100,3,makespan,bendm,102.0,95.74333333333352,6.133986928104402,False,1201.2202949523926
CL04_100_01_m3_makespan,100,3,makespan,package,102.0,95.74333333333334,6.133986928104569,False,1102.6351726055143
CL04_100_02_m2_total_cost,100,2,total_cost,bendm,34280.0,33240.000000001004,3.033838973159265,False,1201.4384906291962
CL04_100_02_m2_total_cost,100,2,total_cost,package,34440.0,33240.0,3.484320557491289,False,1102.1291823387146
CL04_100_02_m2_makespan,100,2,makespan,bendm,156.99999947058825,151.09090909090943,3.7637518468818856,False,1201.4524376392365
CL04_100_02_m2_makespan,100,2,makespan,package,159.0,151.09166666666667,4.973794549266247,False,1102.400818824768
CL04_100_02_m3_total_cost,100,3,total_cost,bendm,33800.0,33240.000000005435,1.6568047337117304,False,1200.616613864899
CL04_100_02_m3_total_cost,100,3,total_cost,package,34400.0,33240.00000000001,3.372093023255793,False,1102.806777715683
CL04_100_02_m3_makespan,100,3,makespan,bendm,118.0,110.80000000000118,6.1016949152532405,False,1201.395161151886
CL04_100_02_m3_makespan,100,3,makespan,package,118.0,110.8,6.10169491525424,False,1102.753871679306
CL05_100_01_m2_total_cost,100,2,total_cost,bendm,227979.99997720183,225667.0000000845,1.0145626710012745,False,1214.7567129135132
CL05_100_01_m2_total_cost,100,2,total_cost,package,231900.0,225667.0000000001,2.687796463993076,False,1102.2271077632904
CL05_100_01_m2_makespan,100,2,makespan,bendm,1039.9999990555566,1025.7590909132082,1.369318091853928,False,1201.529233455658
CL05_100_01_m2_makespan,100,2,makespan,package,1072.0,1025.7590909090916,4.313517639077278,False,1103.1189320087433
CL05_100_01_m3_total_cost,100,3,total_cost,bendm,227440.0,225667.00000011016,0.7795462539086537,False,1200.6970000267029
CL05_100_01_m3_total_cost,100,3,total_cost,package,235740.0,225667.00000000003,4.272927801815547,False,1103.030859708786
CL05_100_01_m3_makespan,100,3,makespan,bendm,764.999999923399,752.7874068276631,1.596417398295262,False,1202.0664086341858
CL05_100_01_m3_makespan,100,3,makespan,package,793.0,752.5402298850572,5.1021147685930375,False,1104.3788430690763
CL05_100_02_m2_total_cost,100,2,total_cost,bendm,264459.9978757996,263277.4963586155,0.4471381406194468,False,1201.2575895786283
CL05_100_02_m2_total_cost,100,2,total_cost,package,271080.0,263276.1538461537,2.878798197523352,False,1104.832043647766
CL05_100_02_m2_makespan,100,2,makespan,bendm,1208.0,1198.4901290598175,0.7872409718693941,False,1202.2276797294617
CL05_100_02_m2_makespan,100,2,makespan,package,1226.0,1198.2253521126763,2.2654688325712624,False,1105.3391468524933
CL05_100_02_m3_total_cost,100,3,total_cost,bendm,264339.9990765041,263279.06976744195,0.401350273423844,False,1201.2014164924622
CL05_100_02_m3_total_cost,100,3,total_cost,package,278140.0,263276.1538461537,5.344016018496549,False,1103.401742935181
CL05_100_02_m3_makespan,100,3,makespan,bendm,889.9999990769234,881.7222222222262,0.930087288009284,False,1202.3298649787905
CL05_100_02_m3_makespan,100,3,makespan,package,916.0,881.7222222222224,3.742115477923319,False,1105.3143873214722
CL06_100_01_m2_total_cost,100,2,total_cost,bendm,231600.0,225667.00000000035,2.561744386873769,False,1200.7040741443634
CL06_100_01_m2_total_cost,100,2,total_cost,package,236100.0,225667.0,4.418890300720034,False,1109.1218121051788
CL06_100_01_m2_makespan,100,2,makespan,bendm,367.0,341.9196969696981,6.833870035504599,False,1200.9707825183868
CL06_100_01_m2_makespan,100,2,makespan,package,365.0,341.92,6.323287671232872,False,1111.4572458267212
CL06_100_01_m3_total_cost,100,3,total_cost,bendm,235800.0,225667.00000000023,4.297285835453676,False,1201.308132648468
CL06_100_01_m3_total_cost,100,3,total_cost,package,234000.0,225667.0,3.561111111111112,False,1113.98565864563
CL06_100_01_m3_makespan,100,3,makespan,bendm,276.0,250.74111111111253,9.15177133655343,False,1200.9487636089325
CL06_100_01_m3_makespan,100,3,makespan,package,269.0,250.7411111111112,6.787691036761638,False,1115.1783397197723
CL06_100_02_m2_total_cost,100,2,total_cost,bendm,271919.9999184235,261774.0000000002,3.731244454790781,False,1201.5056204795835
CL06_100_02_m2_total_cost,100,2,total_cost,package,272700.0,261774.0,4.006600660066006,False,1109.7664458751678
CL06_100_02_m2_makespan,100,2,makespan,bendm,421.9999999999995,396.62727272727375,6.012494614389993,False,1200.9079620838163
CL06_100_02_m2_makespan,100,2,makespan,package,424.0,396.62727272727295,6.455831903945058,False,1110.719756603241
CL06_100_02_m3_total_cost,100,3,total_cost,bendm,273960.0,261774.00000000023,4.448094612352083,False,1203.274838924408
CL06_100_02_m3_total_cost,100,3,total_cost,package,271920.0,261774.0,3.731244483671668,False,1113.309903383255
CL06_100_02_m3_makespan,100,3,makespan,bendm,318.0,290.8600000000008,8.5345911949683,False,1200.8779079914093
CL06_100_02_m3_makespan,100,3,makespan,package,314.0,290.8600000000002,7.3694267515922975,False,1117.99507021904
CL07_100_01_m2_total_cost,100,2,total_cost,bendm,255300.0,255280.0,0.0078339208773991,True,2.5451526641845703
CL07_100_01_m2_total_cost,100,2,total_cost,package,255280.0,255280.0,0.0,True,1105.234575510025
CL07_100_01_m2_makespan,100,2,makespan,bendm,1240.0,1240.0,0.0,True,1.059537410736084
CL07_100_01_m2_makespan,100,2,makespan,package,1240.0,1240.0,0.0,True,1104.300091266632
CL07_100_01_m3_total_cost,100,3,total_cost,bendm,247500.0,247480.0000000001,0.008080808080761,True,22.909728050231934
CL07_100_01_m3_total_cost,100,3,total_cost,package,250980.0,247050.0,1.5658618216590965,False,1102.5838854312897
CL07_100_01_m3_makespan,100,3,makespan,bendm,852.9999666354606,852.6666666666669,0.0390738548453199,False,1201.383332014084
CL07_100_01_m3_makespan,100,3,makespan,package,853.0,846.375,0.7766705744431419,False,1102.2537100315094
CL07_100_02_m2_total_cost,100,2,total_cost,bendm,252840.0,252820.0,0.0079101408005062,True,5.207860231399536
CL07_100_02_m2_total_cost,100,2,total_cost,package,252860.0,251320.0,0.609032666297556,False,1104.386402606964
CL07_100_02_m2_makespan,100,2,makespan,bendm,1218.0,1218.0,0.0,True,2.9657745361328125
CL07_100_02_m2_makespan,100,2,makespan,package,1218.0,1218.0,0.0,True,1102.7430214881897
CL07_100_02_m3_total_cost,100,3,total_cost,bendm,242480.0,242460.00000000003,0.0082481029363126,True,226.76941227912903
CL07_100_02_m3_total_cost,100,3,total_cost,package,248100.0,241980.0,2.466747279322854,False,1102.8511698246002
CL07_100_02_m3_makespan,100,3,makespan,bendm,812.0,812.0,0.0,True,16.82871961593628
CL07_100_02_m3_makespan,100,3,makespan,package,824.0,812.0,1.4563106796116505,False,1103.558660507202
CL08_100_01_m2_total_cost,100,2,total_cost,bendm,230879.99992080807,226929.0000000595,1.7112785525397505,False,1201.2548532485962
CL08_100_01_m2_total_cost,100,2,total_cost,package,234400.0,226929.0,3.187286689419796,False,1101.9226717948914
CL08_100_01_m2_makespan,100,2,makespan,bendm,1054.0,1031.4954545454798,2.1351561152296217,False,1202.5094611644745
CL08_100_01_m2_makespan,100,2,makespan,package,1080.0,1031.5,4.490740740740741,False,1105.5840163230896
CL08_100_01_m3_total_cost,100,3,total_cost,bendm,231780.0,226929.0000000281,2.0929329536508265,False,1204.5644891262054
CL08_100_01_m3_total_cost,100,3,total_cost,package,233100.0,226929.0,2.6473616473616475,False,1104.821783542633
CL08_100_01_m3_makespan,100,3,makespan,bendm,777.0,756.4300000000026,2.647361647361317,False,1200.636583328247
CL08_100_01_m3_makespan,100,3,makespan,package,797.0,756.43,5.090338770388965,False,1104.3190977573397
CL08_100_02_m2_total_cost,100,2,total_cost,bendm,231720.0,228449.000000098,1.4116174693172951,False,1200.5546414852142
CL08_100_02_m2_total_cost,100,2,total_cost,package,236800.0,228449.0,3.52660472972973,False,1102.0617740154266
CL08_100_02_m2_makespan,100,2,makespan,bendm,1058.999999012048,1038.404545454551,1.944802037460876,False,1200.6021146774292
CL08_100_02_m2_makespan,100,2,makespan,package,1082.0,1038.404545454546,4.029154763905176,False,1104.809785604477
CL08_100_02_m3_total_cost,100,3,total_cost,bendm,230960.0,228449.0000000817,1.0872012469337753,False,1201.3384413719175
CL08_100_02_m3_total_cost,100,3,total_cost,package,233520.0,228449.00000000003,2.1715484755052974,False,1102.7719728946686
CL08_100_02_m3_makespan,100,3,makespan,bendm,781.9999999116817,761.4966666667484,2.621909622410347,False,1200.6466720104218
CL08_100_02_m3_makespan,100,3,makespan,package,808.0,761.4966666666667,5.755363036303629,False,1104.4516096115112
CL09_100_01_m2_total_cost,100,2,total_cost,bendm,489460.0,489420.0,0.0081722714828586,True,9.265849351882936
CL09_100_01_m2_total_cost,100,2,total_cost,package,490220.0,488020.0,0.4487780996287381,False,1105.047773361206
CL09_100_01_m2_makespan,100,2,makespan,bendm,2313.999475703968,2313.5000000000005,0.0215849532038123,False,1201.7223432064056
CL09_100_01_m2_makespan,100,2,makespan,package,2314.0,2301.5,0.54019014693172,False,1102.721712350845
CL09_100_01_m3_total_cost,100,3,total_cost,bendm,473059.9992264013,473019.9996689655,0.0084554934894548,True,163.3855390548706
CL09_100_01_m3_total_cost,100,3,total_cost,package,478360.0,472349.9999999999,1.2563759511665098,False,1104.769418001175
CL09_100_01_m3_makespan,100,3,makespan,bendm,1649.9995968727742,1649.4000000000003,0.0363392132889035,False,1201.3590033054352
CL09_100_01_m3_makespan,100,3,makespan,package,1650.0,1647.7,0.1393939393939366,False,1104.4572603702543
CL09_100_02_m2_total_cost,100,2,total_cost,bendm,452180.0,452092.5331580983,0.0193433681059999,False,1200.4470281600952
CL09_100_02_m2_total_cost,100,2,total_cost,package,463280.0,451980.0,2.4391296839924017,False,1108.2879872322085
CL09_100_02_m2_makespan,100,2,makespan,bendm,2109.0,2109.0,0.0,True,4.535874843597412
CL09_100_02_m2_makespan,100,2,makespan,package,2109.0,2109.0,0.0,True,1104.8136248588562
CL09_100_02_m3_total_cost,100,3,total_cost,bendm,441820.0,441780.00000000006,0.0090534606853338,True,132.43445754051208
CL09_100_02_m3_total_cost,100,3,total_cost,package,453900.0,441680.0,2.6922229565983824,False,1106.1087005138395
CL09_100_02_m3_makespan,100,3,makespan,bendm,1491.999935515993,1491.4000000000003,0.0402101569652683,False,1201.0628056526184
CL09_100_02_m3_makespan,100,3,makespan,package,1525.0,1489.5,2.3278688524590163,False,1107.9886412620544
CL10_100_01_m2_total_cost,100,2,total_cost,bendm,137399.99992382032,135996.00000006118,1.0218340062136608,False,1200.5981957912445
CL10_100_01_m2_total_cost,100,2,total_cost,package,139900.0,135996.00000000003,2.790564689063596,False,1102.117043018341
CL10_100_01_m2_makespan,100,2,makespan,bendm,624.9999992191158,618.163636363673,1.0938180582374737,False,1200.7857885360718
CL10_100_01_m2_makespan,100,2,makespan,package,641.0,618.1636363636363,3.5626152318820083,False,1103.6218469142914
CL10_100_01_m3_total_cost,100,3,total_cost,bendm,137319.99991999983,135996.0000000842,0.9641712210071138,False,1200.3894710540771
CL10_100_01_m3_total_cost,100,3,total_cost,package,139880.0,135996.0000000001,2.776665713468625,False,1104.409558057785
CL10_100_01_m3_makespan,100,3,makespan,bendm,460.9999990312496,453.3200000000765,1.6659433942108215,False,1200.6884231567385
CL10_100_01_m3_makespan,100,3,makespan,package,473.0,453.3200000000009,4.1606765327693775,False,1104.5383548736572
CL10_100_02_m2_total_cost,100,2,total_cost,bendm,147859.9999413331,146010.0000000915,1.251183512765885,False,1208.1386549472809
CL10_100_02_m2_total_cost,100,2,total_cost,package,149960.0,146010.0,2.634035742864764,False,1102.4960851669312
CL10_100_02_m2_makespan,100,2,makespan,bendm,673.0,663.6818181818427,1.384573821420106,False,1201.0211560726166
CL10_100_02_m2_makespan,100,2,makespan,package,686.0,663.6818181818184,3.253379273787412,False,1103.7786676883698
CL10_100_02_m3_total_cost,100,3,total_cost,bendm,147319.9998847996,146010.00000001877,0.8892206664439332,False,1202.1108508110046
CL10_100_02_m3_total_cost,100,3,total_cost,package,149580.0,146010.0,2.386682711592459,False,1104.7021672725675
CL10_100_02_m3_makespan,100,3,makespan,bendm,494.99999911111104,486.7000000000075,1.6767675002036662,False,1200.8279221057892
CL10_100_02_m3_makespan,100,3,makespan,package,509.0,486.70000000000033,4.381139489194434,False,1105.6419441699982
ZDF_zdf1_4,145,4,makespan,bendm,15.0,15.0,0.0,True,2.661301612854004
ZDF_zdf1_4,145,4,makespan,package,15.0,15.0,0.0,True,1104.7617337703705
T1_150_2,150,2,makespan,bendm,631.9999999367006,620.5444403676493,1.8125885395884087,False,1201.8545379638672
T1_150_2,150,2,makespan,package,657.0,620.266092257265,5.591157951710049,False,1111.5011608600616
T1_150_3,150,3,makespan,bendm,477.9999995389569,461.9387611438922,3.360091717689568,False,1200.666188955307
T1_150_3,150,3,makespan,package,488.0,461.71108682595735,5.387072371730051,False,1113.887573480606
T2_150_2,150,2,makespan,bendm,1696.9999995249996,1688.6192322646182,0.4938578233781506,False,1202.836284160614
T2_150_2,150,2,makespan,package,1753.0,1686.829061222722,3.7747255434842,False,1103.6121644973755
T2_150_3,150,3,makespan,bendm,859.0,845.30151872884,1.5947009628824154,False,1202.1179506778717
T2_150_3,150,3,makespan,package,901.0,844.1760808100304,6.306761286345129,False,1107.2745025157928
T1_250_4,250,4,makespan,bendm,647.9999990113262,625.7460295719846,3.4342545483480085,False,1201.7876443862915
T1_250_4,250,4,makespan,package,660.0,625.6099170432053,5.210618629817377,False,1119.468816280365
T2_250_4,250,4,makespan,bendm,843.9999992865411,825.5848691531318,2.1818874584095016,False,1201.0418150424955
T2_250_4,250,4,makespan,package,945.0,825.1929402800137,12.677995737564691,False,1115.3736083507538
ZDF_zdf1_2,290,2,makespan,bendm,29.0,26.913877245693328,7.193526738988523,False,1201.7161872386932
ZDF_zdf1_2,290,2,makespan,package,30.0,26.84,10.533333333333356,False,1111.578756570816
ZDF_zdf2_2,330,2,makespan,bendm,30.999999993600028,29.59295722979855,4.538847626103106,False,1201.127225637436
ZDF_zdf2_2,330,2,makespan,package,32.0,28.99792213100794,9.381493340600189,False,1113.064148187637
ZDF_zdf3_2,370,2,makespan,bendm,49.0,49.0,0.0,True,6.754920482635498
ZDF_zdf3_2,370,2,makespan,package,49.0,49.0,0.0,True,1113.6271789073944
T1_400_4,400,4,makespan,bendm,1007.0,987.0366094866632,1.9824618186034424,False,1203.7777905464172
T1_400_4,400,4,makespan,package,1036.0,987.029658691058,4.7268669217125385,False,1124.3353204727173
T2_400_4,400,4,makespan,bendm,1252.0,1233.3966520030358,1.4858904150929877,False,1200.7712564468384
T2_400_4,400,4,makespan,package,1411.0,1233.349920480915,12.590367081437634,False,1117.2881574630735
ZDFS_zdf12_8,1258,8,makespan,bendm,inf,-inf,100.0,False,7916.781631231308
ZDFS_zdf12_8,1258,8,makespan,package,9.0,9.0,0.0,True,1161.1168959140778
ZDFS_zdf8_2,1266,2,makespan,bendm,151.0,-inf,100.0,False,1205.5492904186249
ZDFS_zdf8_2,1266,2,makespan,package,100.0,100.0,0.0,True,1155.1094009876251
ZDFS_zdf10_4,1266,4,makespan,bendm,inf,-inf,100.0,False,5131.446754693985
ZDFS_zdf10_4,1266,4,makespan,package,31.0,31.0,0.0,True,1173.9782400131226
ZDFS_zdf10_2,2532,2,makespan,bendm,inf,-inf,100.0,False,7926.045180559158
ZDFS_zdf10_2,2532,2,makespan,package,159.0,159.0,0.0,True,1362.9602932929993
ZDF_zdf4_2,410,2,makespan,bendm,37.0,35.99999938587172,2.7027043625088716,False,1200.9778952598572
ZDF_zdf4_2,410,2,makespan,package,40.0,35.3208430913349,11.697892271662749,False,1113.6542601585388
T1_600_4,600,4,makespan,bendm,1518.0,1494.1431140119237,1.5715998674622085,False,1207.5045425891876
T1_600_4,600,4,makespan,package,1561.0,1494.1374034525804,4.283318164472746,False,1129.1818053722382
T2_600_4,600,4,makespan,bendm,1722.0,1695.782685422634,1.5224921357355456,False,1202.0457665920258
T2_600_4,600,4,makespan,package,1966.0,1695.770897841064,13.74512218509339,False,1125.1206068992615
ZDF_zdf6_2,766,2,makespan,bendm,73.99999999250274,61.999999998163936,16.216216210208884,False,1203.4319379329681
ZDF_zdf6_2,766,2,makespan,package,74.0,74.0,0.0,True,1562.2791514396667
T1_800_4,800,4,makespan,bendm,2006.0,1976.6444839145252,1.463385647331747,False,1202.9267621040344
T1_800_4,800,4,makespan,package,2057.0,1976.6444839145238,3.9064422015302,False,1137.7146155834198
T2_800_4,800,4,makespan,bendm,2252.0,2226.9301692020326,1.1132251686486399,False,1201.36279129982
T2_800_4,800,4,makespan,package,2600.0,2226.9276916273816,14.3489349374084,False,1127.8908352851868
