key,n,m,mmsp_lb,mmsp_time,mmsp_lp,lp_pc,lp_pc_time,bigm_lp,bigm_lp_time,best_lb,simple_lb
N_m2_makespan_N1a,17,2,90.9090909090909,0.0155525207519531,90.90909090909092,90.90909090909165,0.285205602645874,66.0,0.0466010570526123,90.90909090909165,
N_m2_makespan_N1b,17,2,90.9090909090909,0.0029449462890625,90.90909090909092,90.90909090909092,0.3539526462554931,68.5,0.0465145111083984,90.90909090909092,
N_m2_makespan_N1c,17,2,90.90909090909092,0.0029988288879394,90.9090909090909,90.90909090909092,0.3699560165405273,58.5,0.0459640026092529,90.90909090909092,
N_m2_makespan_N1d,17,2,90.90909090909092,0.003007173538208,90.9090909090909,90.90909090909088,0.3100388050079345,68.5,0.0455188751220703,90.90909090909092,
N_m2_makespan_N1e,17,2,90.9090909090909,0.0029959678649902,90.9090909090909,90.90909090909088,0.3560383319854736,43.0,0.0459227561950683,90.9090909090909,
N_m2_makespan_N2a,25,2,90.9090909090909,0.0040068626403808,90.9090909090909,90.90909090909096,0.5276618003845215,68.5,0.0847742557525634,90.90909090909096,
N_m2_makespan_N2b,25,2,90.90909090909092,0.0009989738464355,90.90909090909088,90.90909090909092,0.558067798614502,56.0,0.0828204154968261,90.90909090909092,
N_m2_makespan_N2c,25,2,90.9090909090909,0.0032801628112792,90.9090909090909,90.909090909091,0.5851123332977295,56.0,0.1013858318328857,90.909090909091,
N_m2_makespan_N2d,25,2,90.9090909090909,0.0029928684234619,90.9090909090909,90.90909090909072,0.5023901462554932,50.5,0.1024847030639648,90.9090909090909,
N_m2_makespan_N2e,25,2,90.90909090909092,0.0039889812469482,90.9090909090909,90.90909090909096,0.5846490859985352,48.0,0.0805294513702392,90.90909090909096,
N_m2_makespan_N3a,29,2,90.9090909090909,0.0059969425201416,90.9090909090909,90.90909090909092,0.8302700519561768,52.0,0.1042759418487548,90.90909090909092,
N_m2_makespan_N3b,29,2,90.90909090909092,0.0030481815338134,90.9090909090909,90.9090909090909,0.7490856647491455,53.5,0.1231088638305664,90.90909090909092,
N_m2_makespan_N3c,29,2,90.91,0.004000186920166,90.9090909090909,90.9090909090909,0.8245902061462402,54.0,0.1278498172760009,90.91,
N_m2_makespan_N3d,29,2,90.9090909090909,0.0029962062835693,90.9090909090909,90.90909090909088,0.6977336406707764,66.0,0.1080658435821533,90.9090909090909,
N_m2_makespan_N3e,29,2,90.9090909090909,0.0019960403442382,90.9090909090909,90.90909090909092,0.8338563442230225,59.5,0.0985431671142578,90.90909090909092,
N_m2_makespan_N4a,49,2,90.90909090909086,0.0030004978179931,90.90909090909092,90.9090909090909,1.3248536586761477,43.0,0.2437686920166015,90.9090909090909,
N_m2_makespan_N4b,49,2,90.90909090909092,0.0006892681121826,90.9090909090909,90.90909090909092,1.0848374366760254,57.5,0.2877023220062256,90.90909090909092,
N_m2_makespan_N4c,49,2,90.90909090909096,0.0039975643157958,90.9090909090909,90.9090909090909,1.5262343883514404,51.0,0.3329648971557617,90.90909090909096,
N_m2_makespan_N4d,49,2,90.90909090909092,0.0030000209808349,90.90909090909092,90.90909090909096,1.2939910888671875,52.5,0.2471630573272705,90.90909090909096,
N_m2_makespan_N4e,49,2,90.91,0.0018515586853027,90.90909090909092,90.90909090909082,1.243894100189209,54.0,0.3734743595123291,90.91,
N_m2_makespan_N5a,73,2,90.90999999999995,0.0025944709777832,90.90909090909092,90.90909090909096,2.1000421047210693,47.0,0.6112232208251953,90.90999999999995,
N_m2_makespan_N5b,73,2,90.90909090909096,0.004500389099121,90.90909090909088,90.90909090909078,1.7638685703277588,45.5,0.6176915168762207,90.90909090909096,
N_m2_makespan_N5c,73,2,90.91,0.0060017108917236,90.90909090909092,90.90909090909096,1.917990684509277,48.0,0.6241154670715332,90.91,
N_m2_makespan_N5d,73,2,90.91,0.0019965171813964,90.90909090909088,90.90909090909088,1.681107521057129,40.5,0.6110529899597168,90.91,
N_m2_makespan_N5e,73,2,90.91,0.0020959377288818,90.90909090909092,90.9090909090909,1.5974082946777344,50.5,0.7161097526550293,90.91,
N_m2_makespan_N6a,97,2,90.91,0.0030004978179931,90.90909090909092,90.90909090909088,1.8592991828918457,40.0,1.255070686340332,90.91,
N_m2_makespan_N6b,97,2,90.91,0.0029969215393066,90.90909090909092,90.90909090909096,2.235272169113159,58.0,1.2287237644195557,90.91,
N_m2_makespan_N6c,97,2,90.90999999999995,0.0031104087829589,90.90909090909092,90.90909090909096,2.395275354385376,43.0,1.2424383163452148,90.90999999999995,
N_m2_makespan_N6d,97,2,90.91,0.0050604343414306,90.9090909090909,90.90909090909096,2.2836642265319824,49.0,1.2117538452148438,90.91,
N_m2_makespan_N6e,97,2,90.90999999999998,0.0049991607666015,90.9090909090909,90.90909090909092,2.155028343200684,53.0,1.2870299816131592,90.90999999999998,
N_m2_makespan_N7a,197,2,90.90909090909092,0.0030021667480468,90.90909090909092,90.90909090909103,4.324876546859741,,,90.90909090909103,
N_m2_makespan_N7b,197,2,90.9090909090909,0.0149986743927001,90.9090909090909,90.90909090909084,4.113767623901367,,,90.9090909090909,
N_m2_makespan_N7c,197,2,90.91,0.0085058212280273,90.90909090909092,90.90909090909092,4.175732135772705,,,90.91,
N_m2_makespan_N7d,197,2,90.90999999999995,0.0079996585845947,90.9090909090909,90.90909090909092,3.845842123031616,,,90.90999999999995,
N_m2_makespan_N7e,197,2,90.9090909090909,0.0059900283813476,90.90909090909092,90.90909090909088,4.291998624801636,,,90.9090909090909,
N_m3_makespan_N1a,17,3,66.66666666666667,0.0049996376037597,66.66666666666667,66.66666666666666,0.415910005569458,44.00000000000001,0.0647382736206054,66.66666666666667,
N_m3_makespan_N1b,17,3,66.66666666666669,0.0059766769409179,66.66666666666667,66.6666666666667,0.3886880874633789,45.66666666666667,0.0630099773406982,66.6666666666667,
N_m3_makespan_N1c,17,3,66.66666666666667,0.0029959678649902,66.66666666666666,66.6666666666667,0.4960362911224365,39.0,0.0560212135314941,66.6666666666667,
N_m3_makespan_N1d,17,3,66.66666666666666,0.0020005702972412,66.66666666666667,66.6666666666667,0.4362852573394775,45.66666666666667,0.0655105113983154,66.6666666666667,
N_m3_makespan_N1e,17,3,66.66666666666669,0.0049772262573242,66.66666666666666,66.66666666666676,0.4851620197296142,28.66666666666667,0.0645437240600586,66.66666666666676,
N_m3_makespan_N2a,25,3,66.66666666666667,0.0049953460693359,66.66666666666667,66.66666666666667,0.8541722297668457,45.66666666666667,0.1350851058959961,66.66666666666667,
N_m3_makespan_N2b,25,3,66.66666666666666,0.0029976367950439,66.66666666666667,66.66666666666667,0.7890224456787109,37.33333333333334,0.1255245208740234,66.66666666666667,
N_m3_makespan_N2c,25,3,66.66666666666666,0.0069880485534667,66.66666666666666,66.66666666666666,0.7979254722595215,37.33333333333334,0.1245183944702148,66.66666666666666,
N_m3_makespan_N2d,25,3,66.66666666666669,0.0039911270141601,66.66666666666666,66.66666666666667,0.8347673416137695,33.66666666666667,0.1355292797088623,66.66666666666669,
N_m3_makespan_N2e,25,3,66.66666666666667,0.0050008296966552,66.66666666666666,66.66666666666661,0.808769702911377,32.00000000000001,0.1495037078857422,66.66666666666667,
N_m3_makespan_N3a,29,3,66.66666666666667,0.0071997642517089,66.66666666666666,66.66666666666669,0.8886597156524658,34.66666666666667,0.1237273216247558,66.66666666666669,
N_m3_makespan_N3b,29,3,66.66666666666667,0.0053009986877441,66.66666666666667,66.6666666666667,0.9278788566589355,35.666666666666664,0.1624402999877929,66.6666666666667,
N_m3_makespan_N3c,29,3,66.66666666666666,0.0020003318786621,66.66666666666667,66.66666666666676,1.1760897636413574,36.00000000000001,0.1526916027069091,66.66666666666676,
N_m3_makespan_N3d,29,3,66.66666666666666,0.0044982433319091,66.66666666666667,66.66666666666663,0.7988133430480957,44.00000000000001,0.1445364952087402,66.66666666666666,
N_m3_makespan_N3e,29,3,66.66666666666667,0.0049958229064941,66.66666666666666,66.6666666666667,0.9713261127471924,39.66666666666667,0.1462702751159668,66.6666666666667,
N_m3_makespan_N4a,49,3,66.66666666666669,0.0072565078735351,66.66666666666667,66.66666666666674,1.8235955238342283,28.66666666666667,0.4379544258117676,66.66666666666674,
N_m3_makespan_N4b,49,3,66.66666666666667,0.0050084590911865,66.66666666666666,66.66666666666666,1.6970531940460205,38.333333333333336,0.5184528827667236,66.66666666666667,
N_m3_makespan_N4c,49,3,66.66666666666667,0.0030059814453125,66.66666666666666,66.66666666666667,1.918220043182373,34.00000000000001,0.5418286323547363,66.66666666666667,
N_m3_makespan_N4d,49,3,66.66666666666666,0.005000352859497,66.66666666666667,66.66666666666664,1.7680799961090088,35.0,0.450695276260376,66.66666666666666,
N_m3_makespan_N4e,49,3,66.66666666666666,0.0049917697906494,66.66666666666667,66.66666666666659,1.7234666347503662,36.00000000000001,0.4918646812438965,66.66666666666666,
N_m3_makespan_N5a,73,3,66.66666666666666,0.0050084590911865,66.66666666666667,66.66666666666677,2.8620800971984863,31.33333333333334,0.9687328338623048,66.66666666666677,
N_m3_makespan_N5b,73,3,66.66666666666667,0.0030009746551513,66.66666666666667,66.66666666666679,2.6587331295013428,30.333333333333336,0.8439600467681885,66.66666666666679,
N_m3_makespan_N5c,73,3,66.66666666666667,0.0049962997436523,66.66666666666667,66.66666666666676,2.789518356323242,32.00000000000001,0.8740320205688477,66.66666666666676,
N_m3_makespan_N5d,73,3,66.66666666666667,0.003042459487915,66.66666666666667,66.66666666666663,2.5494368076324463,27.000000000000004,0.9731860160827636,66.66666666666667,
N_m3_makespan_N5e,73,3,66.66666666666666,0.0020070075988769,66.66666666666667,66.66666666666666,2.523300170898437,33.66666666666667,1.0169439315795898,66.66666666666666,
N_m3_makespan_N6a,97,3,66.66666666666667,0.0039963722229003,66.66666666666667,66.66666666666666,2.6571121215820312,26.666666666666668,1.6088800430297852,66.66666666666667,
N_m3_makespan_N6b,97,3,66.66666666666667,0.0039882659912109,66.66666666666667,66.66666666666669,3.187857389450073,38.66666666666667,1.7745187282562256,66.66666666666669,
N_m3_makespan_N6c,97,3,66.66666666666667,0.0048913955688476,66.66666666666666,66.66666666666664,3.3226218223571777,28.66666666666667,1.626633882522583,66.66666666666667,
N_m3_makespan_N6d,97,3,66.66666666666667,0.0049989223480224,66.66666666666667,66.66666666666663,3.042154312133789,32.666666666666664,1.7402687072753906,66.66666666666667,
N_m3_makespan_N6e,97,3,66.66666666666667,0.0038309097290039,66.66666666666667,66.66666666666669,3.1417267322540283,35.333333333333336,1.5847249031066897,66.66666666666669,
N_m3_makespan_N7a,197,3,66.66666666666669,0.0079467296600341,66.66666666666664,66.66666666666674,5.248870611190796,,,66.66666666666674,
N_m3_makespan_N7b,197,3,66.66666666666667,0.0110177993774414,66.66666666666666,66.66666666666667,6.127194404602051,,,66.66666666666667,
N_m3_makespan_N7c,197,3,66.66666666666666,0.0149967670440673,66.66666666666666,66.66666666666671,6.107694387435913,,,66.66666666666671,
N_m3_makespan_N7d,197,3,66.66666666666667,0.0099961757659912,66.66666666666664,66.66666666666664,5.316062450408936,,,66.66666666666667,
N_m3_makespan_N7e,197,3,66.66666666666667,0.0120072364807128,66.66666666666667,66.66666666666667,6.396806716918945,,,66.66666666666667,
T1_150_2,150,2,620.2620967741932,0.0059971809387207,620.2620967741935,620.2660922572652,2.656055688858032,,,620.2660922572652,
T1_150_3,150,3,461.6932873091151,0.0090069770812988,461.69328730911496,461.71108682595735,3.5311756134033203,,,461.71108682595735,
T1_250_4,250,4,625.60331134292,0.019000768661499,625.60331134292,625.6099170432053,8.527589797973633,,,625.6099170432053,
T1_400_4,400,4,987.0184275751702,0.0267682075500488,987.0184275751704,987.029658691058,14.608632564544678,,,987.029658691058,
T2_150_2,150,2,1654.444214484778,0.0060071945190429,1654.4442144847778,1686.829061222722,1.4087162017822266,,,1686.829061222722,
T2_150_3,150,3,836.3048776971037,0.0069961547851562,836.3048776971033,844.1760808100304,1.7500789165496826,,,844.1760808100304,
T2_250_4,250,4,824.4400097486678,0.0140068531036376,824.4400097486678,825.1929402800137,4.936955451965332,,,825.1929402800137,
T2_400_4,400,4,1233.349920480915,0.0200088024139404,1233.349920480915,1233.349920480914,8.081300735473633,,,1233.349920480915,
ZDF_zdf1_2,290,2,26.84,0.0109965801239013,26.83454545454545,26.83719540229885,2.2683539390563965,,,26.84,
ZDF_zdf2_2,330,2,28.92,0.0119960308074951,28.91368421052632,28.99792213100794,2.85078239440918,,,28.99792213100794,
ZDF_zdf3_2,370,2,34.22,0.0139920711517333,34.216521739130414,34.23826253593101,3.276289939880371,,,34.23826253593101,
ZDF_zdf1_4,145,4,4.12,0.0130085945129394,4.11051282051282,6.5027416038382455,1.507460117340088,,,6.5027416038382455,
CL01_020_01_m2_makespan,20,2,29.466666666666665,0.0050008296966552,29.454545454545453,29.454545454545453,0.0040225982666015,5.0,0.0331668853759765,29.466666666666665,29.454545454545453
CL01_020_01_m3_makespan,20,3,21.600000000000005,0.0040054321289062,21.6,21.6,0.0045058727264404,3.5,0.0430285930633544,21.600000000000005,21.6
CL01_020_02_m2_makespan,20,2,19.683333333333334,0.003650426864624,19.68181818181818,19.68181818181818,0.0029518604278564,5.0,0.0451626777648925,19.683333333333334,19.681818181818183
CL01_020_02_m3_makespan,20,3,14.433333333333334,0.0030043125152587,14.433333333333334,14.433333333333335,0.0045037269592285,4.0,0.0395233631134033,14.433333333333335,14.433333333333334
CL01_060_01_m2_makespan,60,2,91.23333333333332,0.0020008087158203,91.22727272727272,91.36363636363636,0.0105063915252685,5.0,0.3155875205993652,91.36363636363636,91.22727272727272
CL01_060_01_m3_makespan,60,3,66.9,0.0056045055389404,66.89999999999999,67.0,0.0130198001861572,5.0,0.3905127048492431,67.0,66.9
CL01_060_02_m2_makespan,60,2,80.28333333333333,0.0030009746551513,80.27272727272725,80.27272727272727,0.0115461349487304,5.0,0.3196449279785156,80.28333333333333,80.27272727272727
CL01_060_02_m3_makespan,60,3,58.86666666666667,0.0035061836242675,58.86666666666667,58.86666666666666,0.0134978294372558,5.0,0.4127867221832275,58.86666666666667,58.86666666666667
CL01_100_01_m2_makespan,100,2,124.25,0.0023005008697509,124.22727272727272,124.22727272727272,0.0311477184295654,5.0,0.8345863819122314,124.25,124.22727272727272
CL01_100_01_m3_makespan,100,3,91.1,0.0060625076293945,91.1,91.1,0.025524616241455,5.0,1.1653568744659424,91.1,91.1
CL01_100_02_m2_makespan,100,2,138.2,0.0019991397857666,138.1818181818182,138.1818181818182,0.030527114868164,5.0,0.8350493907928467,138.2,138.1818181818182
CL01_100_02_m3_makespan,100,3,101.33333333333331,0.0070035457611083,101.33333333333331,101.33333333333334,0.0231153964996337,5.0,1.1333494186401367,101.33333333333334,101.33333333333331
CL02_020_01_m2_makespan,20,2,9.822222222222225,0.0020010471343994,9.818181818181818,9.818181818181817,0.01601243019104,5.0,0.0315275192260742,10.0,10.0
CL02_020_01_m3_makespan,20,3,7.200000000000001,0.003000259399414,7.2,7.199999999999999,0.03700852394104,3.333333333333333,0.0509216785430908,10.0,10.0
CL02_020_02_m2_makespan,20,2,6.561111111111112,0.0020098686218261,6.56060606060606,6.560606060606061,0.0135049819946289,5.0,0.0322859287261962,10.0,10.0
CL02_020_02_m3_makespan,20,3,4.811111111111111,0.0029997825622558,4.811111111111112,4.81111111111111,0.0180056095123291,3.333333333333333,0.0463323593139648,10.0,10.0
CL02_060_01_m2_makespan,60,2,30.41111111111111,0.0009999275207519,30.409090909090907,30.40909090909092,0.0460462570190429,5.0,0.3110039234161377,30.41111111111111,30.40909090909091
CL02_060_01_m3_makespan,60,3,22.3,0.0029993057250976,22.3,22.300000000000004,0.0712463855743408,3.333333333333333,0.4501540660858154,22.300000000000004,22.3
CL02_060_02_m2_makespan,60,2,26.76111111111112,0.002507209777832,26.75757575757576,26.75757575757575,0.0579349994659423,5.0,0.2949175834655761,26.76111111111112,26.75757575757576
CL02_060_02_m3_makespan,60,3,19.62222222222222,0.0040035247802734,19.622222222222224,19.62222222222222,0.0706074237823486,3.333333333333333,0.4563746452331543,19.622222222222224,19.622222222222224
CL02_100_01_m2_makespan,100,2,41.40909090909093,0.0020012855529785,41.40909090909091,41.40909090909092,0.0986678600311279,5.0,0.8289682865142822,41.40909090909093,41.40909090909091
CL02_100_01_m3_makespan,100,3,30.366666666666656,0.0051867961883544,30.366666666666664,30.366666666666667,0.1347625255584716,3.333333333333333,1.2570536136627195,30.366666666666667,30.366666666666667
CL02_100_02_m2_makespan,100,2,46.06060606060604,0.0020067691802978,46.06060606060607,46.06060606060606,0.0858218669891357,5.0,0.8378424644470215,46.06060606060606,46.06060606060606
CL02_100_02_m3_makespan,100,3,33.777777777777764,0.0049943923950195,33.77777777777777,33.77777777777778,0.1160683631896972,3.333333333333333,1.2559185028076172,33.77777777777778,33.77777777777778
CL03_020_01_m2_makespan,20,2,78.08333333333333,0.0023057460784912,78.07954545454545,81.88888888888889,0.0240213871002197,16.5,0.0296084880828857,81.88888888888889,78.07954545454545
CL03_020_01_m3_makespan,20,3,57.25833333333333,0.0033466815948486,57.25833333333333,61.41666666666666,0.0170080661773681,12.0,0.0407142639160156,61.41666666666666,57.25833333333333
CL03_020_02_m2_makespan,20,2,47.375,0.0020027160644531,47.375,47.37499999999999,0.0200202465057373,16.0,0.0320937633514404,47.375,47.375
CL03_020_02_m3_makespan,20,3,34.74166666666667,0.0040030479431152,34.74166666666667,34.74166666666667,0.0248234272003173,10.666666666666668,0.0435307025909423,34.74166666666667,34.74166666666667
CL03_060_01_m2_makespan,60,2,245.07954545454547,0.0022459030151367,245.07954545454547,249.75,0.0744955539703369,17.0,0.2844560146331787,249.75,245.07954545454547
CL03_060_01_m3_makespan,60,3,179.72499999999997,0.0030004978179931,179.72499999999997,181.04166666666663,0.0935590267181396,17.0,0.42059326171875,181.04166666666663,179.725
CL03_060_02_m2_makespan,60,2,207.0454545454545,0.0030033588409423,207.04545454545456,207.04545454545453,0.0875256061553955,17.5,0.2843899726867676,207.04545454545453,207.04545454545453
CL03_060_02_m3_makespan,60,3,151.83333333333331,0.0022447109222412,151.83333333333334,151.83333333333348,0.1116104125976562,17.0,0.4392867088317871,151.83333333333348,151.83333333333334
CL03_100_01_m2_makespan,100,2,326.4,0.0039665699005126,326.3977272727273,326.3977272727272,0.1545901298522949,17.5,0.8896543979644775,326.4,326.39772727272725
CL03_100_01_m3_makespan,100,3,239.35833333333343,0.004000186920166,239.3583333333333,239.3583333333333,0.1828017234802246,16.5,1.2366211414337158,239.35833333333343,239.3583333333333
CL03_100_02_m2_makespan,100,2,377.7272727272726,0.0030121803283691,377.7272727272727,377.7272727272728,0.1453621387481689,17.5,0.9099817276000975,377.7272727272728,377.7272727272728
CL03_100_02_m3_makespan,100,3,276.99999999999994,0.0031118392944335,277.0,277.30952380952374,0.1785929203033447,17.5,1.2143876552581787,277.30952380952374,277.0
CL04_020_01_m2_makespan,20,2,31.23333333333333,0.0040011405944824,31.23181818181818,31.231818181818166,0.0995745658874511,16.5,0.0290236473083496,33.0,33.0
CL04_020_01_m3_makespan,20,3,22.90333333333333,0.0030040740966796,22.90333333333333,22.903333333333336,0.1115229129791259,11.000000000000002,0.041046142578125,33.0,33.0
CL04_020_02_m2_makespan,20,2,18.950000000000003,0.0019998550415039,18.95,18.949999999999992,0.0737454891204834,16.0,0.0311100482940673,32.0,32.0
CL04_020_02_m3_makespan,20,3,13.896666666666668,0.0020031929016113,13.896666666666665,13.89666666666667,0.1150329113006591,10.666666666666668,0.0420353412628173,32.0,32.0
CL04_060_01_m2_makespan,60,2,98.03333333333336,0.0029997825622558,98.03181818181818,98.0318181818182,0.3400921821594238,17.0,0.2848875522613525,98.03333333333336,98.03181818181818
CL04_060_01_m3_makespan,60,3,71.89,0.0065057277679443,71.88999999999999,71.88999999999999,0.4378087520599365,11.333333333333334,0.4540343284606933,71.89,71.89
CL04_060_02_m2_makespan,60,2,82.82000000000001,0.0020058155059814,82.81818181818181,82.8181818181818,0.3195550441741943,17.5,0.268409252166748,82.82000000000001,82.81818181818181
CL04_060_02_m3_makespan,60,3,60.73333333333333,0.0040061473846435,60.73333333333333,60.73333333333337,0.5270018577575684,11.666666666666668,0.4806873798370361,60.73333333333337,60.73333333333333
CL04_100_01_m2_makespan,100,2,130.56,0.0160062313079834,130.55909090909094,130.55909090909088,0.6238689422607422,17.5,0.9711153507232666,130.56,130.5590909090909
CL04_100_01_m3_makespan,100,3,95.74333333333334,0.0035078525543212,95.74333333333334,95.74333333333334,0.8416752815246582,11.666666666666668,1.3757827281951904,95.74333333333334,95.74333333333334
CL04_100_02_m2_makespan,100,2,151.09166666666667,0.0020091533660888,151.0909090909091,151.0909090909091,0.6713480949401855,17.5,0.9859127998352052,151.09166666666667,151.0909090909091
CL04_100_02_m3_makespan,100,3,110.79999999999998,0.0039997100830078,110.8,110.79999999999998,0.9602301120758056,11.666666666666668,1.4022700786590576,110.8,110.8
CL05_020_01_m2_makespan,20,2,244.13666666666668,0.0030004978179931,244.13636363636363,258.6363636363636,0.0317909717559814,47.0,0.029503583908081,258.6363636363636,244.13636363636363
CL05_020_01_m3_makespan,20,3,179.03333333333336,0.0025081634521484,179.03333333333336,189.66666666666663,0.0343754291534423,33.5,0.039764404296875,189.66666666666663,179.03333333333333
CL05_020_02_m2_makespan,20,2,147.1233333333333,0.0030064582824707,147.12272727272727,155.2727272727273,0.0875873565673828,45.5,0.036860704421997,155.2727272727273,147.12272727272727
CL05_020_02_m3_makespan,20,3,107.89,0.0060474872589111,107.89,113.86666666666665,0.1026897430419921,35.5,0.0392487049102783,113.86666666666665,107.89
CL05_060_01_m2_makespan,60,2,775.73,0.0023140907287597,775.7272727272727,798.9999999999997,0.4075098037719726,48.5,0.3170063495635986,798.9999999999997,775.7272727272727
CL05_060_01_m3_makespan,60,3,568.8666666666668,0.0035059452056884,568.8666666666668,579.1282051282051,0.4839987754821777,48.5,0.40523362159729,579.1282051282051,568.8666666666667
CL05_060_02_m2_makespan,60,2,655.5454545454546,0.0010974407196044,655.5454545454546,656.0223880597017,0.4353091716766357,49.5,0.2819712162017822,656.0223880597017,655.5454545454545
CL05_060_02_m3_makespan,60,3,480.7333333333333,0.0025863647460937,480.7333333333333,485.333333333333,0.4881184101104736,48.0,0.4327638149261474,485.333333333333,480.73333333333335
CL05_100_01_m2_makespan,100,2,1025.7590909090911,0.0035021305084228,1025.759090909091,1025.7590909090916,0.9477450847625732,50.0,0.8986356258392334,1025.7590909090916,1025.759090909091
CL05_100_01_m3_makespan,100,3,752.2233333333334,0.0040216445922851,752.2233333333334,752.5402298850572,0.9717197418212892,49.0,1.196855545043945,752.5402298850572,752.2233333333334
CL05_100_02_m2_makespan,100,2,1189.8818181818183,0.0030858516693115,1189.8818181818183,1198.2253521126763,0.7643952369689941,50.0,0.9816117286682128,1198.2253521126763,1189.8818181818183
CL05_100_02_m3_makespan,100,3,872.5800000000002,0.0040016174316406,872.58,881.7222222222224,0.936086893081665,50.0,1.2245023250579834,881.7222222222224,872.58
CL06_020_01_m2_makespan,20,2,81.37878787878788,0.004509687423706,81.37878787878788,81.37878787878772,0.7730503082275391,47.0,0.0255227088928222,94.0,94.0
CL06_020_01_m3_makespan,20,3,59.67777777777778,0.003504991531372,59.67777777777777,59.67777777777783,1.0413932800292969,31.33333333333334,0.0421018600463867,94.0,94.0
CL06_020_02_m2_makespan,20,2,49.040909090909096,0.0034296512603759,49.040909090909096,49.04090909090907,0.6705570220947266,45.5,0.0281550884246826,91.0,91.0
CL06_020_02_m3_makespan,20,3,35.96333333333333,0.0045056343078613,35.96333333333333,35.963333333333345,1.208975076675415,30.333333333333336,0.0425548553466796,91.0,91.0
CL06_060_01_m2_makespan,60,2,258.57666666666665,0.0020349025726318,258.5757575757576,258.5757575757583,3.963507890701294,48.5,0.2910399436950683,258.57666666666665,258.5757575757576
CL06_060_01_m3_makespan,60,3,189.6222222222222,0.0036139488220214,189.6222222222222,189.62222222222275,6.66253924369812,32.333333333333336,0.4378628730773926,189.62222222222275,189.62222222222223
CL06_060_02_m2_makespan,60,2,218.51515151515147,0.0020008087158203,218.5151515151515,218.51515151515147,3.417482852935791,49.5,0.2770159244537353,218.5151515151515,218.5151515151515
CL06_060_02_m3_makespan,60,3,160.24444444444447,0.0040006637573242,160.24444444444444,160.2444444444445,5.658123254776001,33.0,0.4382128715515136,160.2444444444445,160.24444444444444
CL06_100_01_m2_makespan,100,2,341.92,0.0028886795043945,341.91969696969693,341.919696969697,6.468338966369629,50.0,0.9103071689605712,341.92,341.919696969697
CL06_100_01_m3_makespan,100,3,250.74111111111105,0.0050539970397949,250.7411111111112,250.7411111111112,10.26676607131958,33.333333333333336,1.291015386581421,250.7411111111112,250.7411111111111
CL06_100_02_m2_makespan,100,2,396.62727272727295,0.0030012130737304,396.6272727272727,396.6272727272724,7.00321626663208,50.0,0.8994858264923096,396.62727272727295,396.6272727272727
CL06_100_02_m3_makespan,100,3,290.86,0.0029995441436767,290.86,290.8600000000002,12.10535168647766,33.333333333333336,1.2763123512268066,290.8600000000002,290.86
CL07_020_01_m2_makespan,20,2,199.37833333333336,0.0021309852600097,199.37727272727275,211.25,0.0291600227355957,46.5,0.0295372009277343,211.25,199.37727272727275
CL07_020_01_m3_makespan,20,3,146.21,0.0035126209259033,146.21,150.09999999999997,0.0187480449676513,31.0,0.0344283580780029,150.09999999999997,146.21
CL07_020_02_m2_makespan,20,2,172.70000000000002,0.0020012855529785,172.70000000000002,229.5,0.0105147361755371,48.5,0.0311260223388671,229.5,172.7
CL07_020_02_m3_makespan,20,3,126.64666666666665,0.0034260749816894,126.64666666666666,153.0,0.0129551887512207,32.333333333333336,0.0352404117584228,153.0,126.64666666666666
CL07_060_01_m2_makespan,60,2,666.9416666666667,0.0010051727294921,666.9409090909091,761.0,0.1764760017395019,49.0,0.2878608703613281,761.0,666.9409090909091
CL07_060_01_m3_makespan,60,3,489.09,0.0065090656280517,489.09,511.4857142857144,0.1999719142913818,46.5,0.336622953414917,511.4857142857144,489.09
CL07_060_02_m2_makespan,60,2,562.5500000000001,0.0040054321289062,562.5500000000001,609.25,0.1350705623626709,50.0,0.2755477428436279,609.25,562.55
CL07_060_02_m3_makespan,60,3,412.5366666666666,0.0040006637573242,412.5366666666667,487.0,0.1370337009429931,33.33333333333333,0.3172292709350586,487.0,412.5366666666667
CL07_100_01_m2_makespan,100,2,1072.5181818181825,0.0020291805267333,1072.5181818181818,1240.0,0.472449779510498,47.0,0.9052534103393556,1240.0,1072.5181818181818
CL07_100_01_m3_makespan,100,3,786.5133333333332,0.006000280380249,786.5133333333332,846.375,0.526857852935791,45.0,0.9826843738555908,846.375,786.5133333333333
CL07_100_02_m2_makespan,100,2,1055.395454545455,0.003002643585205,1055.3954545454546,1218.0,0.5725641250610352,49.5,0.8832764625549316,1218.0,1055.3954545454546
CL07_100_02_m3_makespan,100,3,773.9566666666667,0.0040102005004882,773.9566666666666,812.0,0.6749286651611328,35.0,1.029853343963623,812.0,773.9566666666667
CL08_020_01_m2_makespan,20,2,219.83181818181816,0.0009996891021728,219.83181818181816,219.83181818181828,0.0858592987060546,49.5,0.0310935974121093,219.83181818181828,219.8318181818182
CL08_020_01_m3_makespan,20,3,161.21,0.0030057430267333,161.20999999999998,161.21,0.111424446105957,33.0,0.0410230159759521,161.21,161.21
CL08_020_02_m2_makespan,20,2,210.91000000000005,0.003005027770996,210.9090909090909,211.69230769230765,0.0505311489105224,48.5,0.0295236110687255,211.69230769230765,210.9090909090909
CL08_020_02_m3_makespan,20,3,154.66666666666669,0.0035102367401123,154.66666666666666,155.640350877193,0.0743927955627441,32.333333333333336,0.0395658016204834,155.640350877193,154.66666666666666
CL08_060_01_m2_makespan,60,2,662.76,0.0025084018707275,662.7590909090911,662.7590909090902,0.3749854564666748,50.0,0.2811076641082763,662.76,662.7590909090909
CL08_060_01_m3_makespan,60,3,486.0233333333333,0.0030350685119628,486.0233333333333,486.02333333333326,0.5152263641357422,46.5,0.4313783645629883,486.0233333333333,486.0233333333333
CL08_060_02_m2_makespan,60,2,652.5683333333334,0.0025138854980468,652.568181818182,652.5681818181819,0.4065449237823486,50.0,0.2798886299133301,652.5683333333334,652.5681818181819
CL08_060_02_m3_makespan,60,3,478.55,0.0107734203338623,478.55,478.5500000000004,0.6279199123382568,33.333333333333336,0.4357144832611084,478.5500000000004,478.55
CL08_100_01_m2_makespan,100,2,1031.5,0.0030000209808349,1031.4954545454543,1031.4954545454543,0.763195276260376,50.0,0.8926255702972412,1031.5,1031.4954545454543
CL08_100_01_m3_makespan,100,3,756.43,0.0045099258422851,756.43,756.4299999999986,1.1093783378601074,45.0,1.1953473091125488,756.43,756.43
CL08_100_02_m2_makespan,100,2,1038.404545454546,0.0025060176849365,1038.4045454545455,1038.4045454545458,0.7435629367828369,50.0,0.87565016746521,1038.404545454546,1038.4045454545455
CL08_100_02_m3_makespan,100,3,761.4966666666664,0.0042057037353515,761.4966666666666,761.4966666666667,1.0336580276489258,35.0,1.233837366104126,761.4966666666667,761.4966666666667
CL09_020_01_m2_makespan,20,2,505.8283333333334,0.001000165939331,505.8272727272727,647.5,0.0075249671936035,49.5,0.0325493812561035,647.5,505.8272727272727
CL09_020_01_m3_makespan,20,3,370.94000000000005,0.0035216808319091,370.94,431.6666666666667,0.0095176696777343,49.0,0.0343384742736816,431.6666666666667,370.94
CL09_020_02_m2_makespan,20,2,344.92333333333335,0.0010037422180175,344.9227272727273,425.5,0.0105180740356445,47.5,0.0290572643280029,425.5,344.9227272727273
CL09_020_02_m3_makespan,20,3,252.94333333333336,0.0030014514923095,252.9433333333333,283.6666666666667,0.0110158920288085,41.0,0.0370745658874511,283.6666666666667,252.94333333333333
CL09_060_01_m2_makespan,60,2,1331.2818181818182,0.0020117759704589,1331.2818181818184,1443.25,0.1126744747161865,49.5,0.2958564758300781,1443.25,1331.2818181818182
CL09_060_01_m3_makespan,60,3,976.2733333333332,0.004514455795288,976.2733333333332,1062.0,0.1024830341339111,48.0,0.3746304512023926,1062.0,976.2733333333332
CL09_060_02_m2_makespan,60,2,1331.0181818181816,0.0025017261505126,1331.0181818181818,1534.5,0.0832805633544921,50.0,0.290184736251831,1534.5,1331.0181818181818
CL09_060_02_m3_makespan,60,3,976.08,0.0030012130737304,976.08,1073.6,0.0918505191802978,50.0,0.3966636657714844,1073.6,976.08
CL09_100_01_m2_makespan,100,2,2062.0954545454542,0.0030028820037841,2062.0954545454547,2301.5,0.5279622077941895,50.0,0.898054838180542,2301.5,2062.0954545454547
CL09_100_01_m3_makespan,100,3,1512.2033333333334,0.0045127868652343,1512.2033333333336,1647.7,0.5897126197814941,49.5,1.0305275917053225,1647.7,1512.2033333333334
CL09_100_02_m2_makespan,100,2,1957.0909090909088,0.0024983882904052,1957.0909090909097,2109.0,0.6174848079681396,50.0,0.8899433612823486,2109.0,1957.090909090909
CL09_100_02_m3_makespan,100,3,1435.2000000000005,0.004507303237915,1435.2,1489.5,0.6918752193450928,50.0,1.0763587951660156,1489.5,1435.2
CL10_020_01_m2_makespan,20,2,227.65,0.0026028156280517,227.65,256.50000000000006,0.0551304817199707,49.5,0.0313086509704589,256.50000000000006,227.65
CL10_020_01_m3_makespan,20,3,166.94333333333333,0.0024554729461669,166.94333333333333,179.0,0.0803921222686767,44.0,0.0402989387512207,179.0,166.94333333333333
CL10_020_02_m2_makespan,20,2,107.18666666666668,0.0015089511871337,107.18636363636364,108.13793103448276,0.0728838443756103,41.0,0.0291769504547119,108.13793103448276,107.18636363636364
CL10_020_02_m3_makespan,20,3,78.60333333333332,0.0015037059783935,78.60333333333332,81.41176470588235,0.071103811264038,41.0,0.0354664325714111,82.0,82.0
CL10_060_01_m2_makespan,60,2,469.0181818181817,0.0010006427764892,469.0181818181818,470.31944444444457,0.4357714653015136,49.0,0.2716643810272217,470.31944444444457,469.0181818181818
CL10_060_01_m3_makespan,60,3,343.9466666666667,0.0085089206695556,343.94666666666666,345.75167336010696,0.5362069606781006,46.0,0.4152145385742187,345.75167336010696,343.94666666666666
CL10_060_02_m2_makespan,60,2,495.27333333333337,0.0021789073944091,495.27272727272737,499.2068965517243,0.429286241531372,49.5,0.2737469673156738,499.2068965517243,495.27272727272725
CL10_060_02_m3_makespan,60,3,363.2,0.0184512138366699,363.2,366.3095238095237,0.5520374774932861,49.0,0.4230997562408447,366.3095238095237,363.2
CL10_100_01_m2_makespan,100,2,618.1636363636362,0.0040009021759033,618.1636363636364,618.1636363636367,0.9296414852142334,50.0,0.902312994003296,618.1636363636367,618.1636363636363
CL10_100_01_m3_makespan,100,3,453.32,0.0025141239166259,453.3200000000001,453.3200000000009,1.1768934726715088,41.0,1.2716875076293943,453.3200000000009,453.32
CL10_100_02_m2_makespan,100,2,663.6818181818184,0.0020098686218261,663.6818181818182,663.6818181818184,1.0179071426391602,49.5,0.9331886768341064,663.6818181818184,663.6818181818181
CL10_100_02_m3_makespan,100,3,486.69999999999993,0.0029997825622558,486.6999999999999,486.70000000000033,1.279462814331055,40.5,1.311269998550415,486.70000000000033,486.7
ZDFS_zdf8_2,1266,2,20.20646471371859,0.0639801025390625,20.20646471371506,,,,,100.0,100.0
ZDFS_zdf10_4,1266,4,1.310649082578545,0.098513126373291,1.3101178239986244,,,,,31.0,31.0
ZDFS_zdf12_8,1258,8,0.1057500000000001,0.0881695747375488,0.10575,,,,,9.0,9.0
ZDFS_zdf10_2,2532,2,22.15171273712937,0.0365285873413085,22.151712737127383,,,,,159.0,159.0
T1_600_4,600,4,1494.135719145018,0.0379948616027832,1494.1357191450177,1494.1374034525804,15.63387417793274,,,1494.1374034525804,1494.0988235294117
T2_600_4,600,4,1695.770897841064,0.014281511306762695,1695.7708978410635,1695.7708978410628,10.823146343231201,,,1695.770897841064,1635.5364705882353
T1_800_4,800,4,1976.6444839145233,0.03175854682922363,1976.6444839145229,1976.6444839145238,22.890984773635864,,,1976.6444839145238,1976.5741176470588
T2_800_4,800,4,2226.9276916273816,0.017949819564819336,2226.927691627381,2226.9276916273816,14.270248174667358,,,2226.9276916273816,2145.3317647058825
ZDF_zdf4_2,410,2,35.28,0.008894681930541992,35.27499999999998,35.3208430913349,3.012303113937378,,,35.3208430913349,35.275
ZDF_zdf6_2,766,2,12.064500000001843,0.015836715698242188,12.064499999999981,0.0,417.22529673576355,,,74.0,74.0
